dataset,oversampler,classifier,time_total_sec,AUC,PR_AUC,F1,Precision,Recall,G_mean,Balanced_Acc
credit_default,NoOverSampling,RF,3.3,0.7791,0.5544,0.7023,0.6957,0.7106,0.6972,0.7106
credit_default,NoOverSampling,LGBM,0.73,0.7836,0.56,0.6847,0.759,0.6593,0.5917,0.6593
credit_default,NoOverSampling,MLP,159.46,0.694,0.41,0.6373,0.6474,0.6309,0.5844,0.6309
credit_default,SMOTE,RF,5.11,0.7746,0.5508,0.6984,0.6915,0.7073,0.6939,0.7073
credit_default,SMOTE,LGBM,1.07,0.7731,0.547,0.6991,0.7206,0.6853,0.6486,0.6853
credit_default,SMOTE,MLP,243.05,0.6804,0.394,0.6173,0.6115,0.632,0.6159,0.632
credit_default,ADASYN,RF,5.42,0.771,0.5469,0.6853,0.6745,0.7063,0.6991,0.7063
credit_default,ADASYN,LGBM,1.47,0.7703,0.5439,0.6971,0.7213,0.6823,0.6433,0.6823
credit_default,ADASYN,MLP,220.01,0.676,0.3773,0.6077,0.604,0.6271,0.6136,0.6271
credit_default,G-SMOTE,RF,6.87,0.7673,0.5455,0.6847,0.7546,0.6598,0.5939,0.6598
credit_default,G-SMOTE,LGBM,3.09,0.7835,0.5565,0.6819,0.7589,0.6565,0.5866,0.6565
credit_default,G-SMOTE,MLP,245.02,0.6957,0.3997,0.6293,0.6339,0.629,0.5911,0.629
fraud_detection,NoOverSampling,RF,89.45,0.9801,0.8341,0.918,0.9293,0.9074,0.9025,0.9074
fraud_detection,NoOverSampling,LGBM,3.31,0.8591,0.5147,0.7828,0.7364,0.86,0.8487,0.86
fraud_detection,NoOverSampling,MLP,181.38,0.9605,0.8317,0.9191,0.9466,0.8952,0.889,0.8952
fraud_detection,SMOTE,RF,211.25,0.9844,0.8224,0.8155,0.7508,0.9271,0.9242,0.9271
fraud_detection,SMOTE,LGBM,6.19,0.9797,0.7608,0.715,0.643,0.9391,0.9373,0.9391
fraud_detection,SMOTE,MLP,369.94,0.9611,0.8281,0.8991,0.8878,0.9134,0.9092,0.9134
fraud_detection,ADASYN,RF,181.31,0.9816,0.7676,0.5973,0.5568,0.9339,0.9323,0.9339
fraud_detection,ADASYN,LGBM,6.64,0.9785,0.7503,0.6188,0.5703,0.9403,0.9389,0.9403
fraud_detection,ADASYN,MLP,436.52,0.9606,0.812,0.8861,0.8713,0.9042,0.8988,0.9042
fraud_detection,G-SMOTE,RF,240.54,0.9843,0.8441,0.7224,0.6494,0.9403,0.9385,0.9403
fraud_detection,G-SMOTE,LGBM,33.28,0.9788,0.7363,0.6402,0.5846,0.9403,0.9388,0.9403
fraud_detection,G-SMOTE,MLP,638.2,0.9735,0.8317,0.8502,0.7993,0.9263,0.9234,0.9263
pima_diabetes,NoOverSampling,RF,1.34,0.8296,0.698,0.7475,0.7458,0.7518,0.7497,0.7518
pima_diabetes,NoOverSampling,LGBM,0.29,0.8052,0.6646,0.7084,0.7149,0.7048,0.6939,0.7048
pima_diabetes,NoOverSampling,MLP,6.13,0.7667,0.609,0.6901,0.6926,0.6881,0.6791,0.6881
pima_diabetes,SMOTE,RF,1.3,0.8225,0.6797,0.7415,0.7387,0.7525,0.7517,0.7525
pima_diabetes,SMOTE,LGBM,0.41,0.807,0.6589,0.7283,0.7258,0.7333,0.7311,0.7333
pima_diabetes,SMOTE,MLP,7.49,0.7516,0.6027,0.6857,0.6854,0.6872,0.6817,0.6872
pima_diabetes,ADASYN,RF,1.31,0.8199,0.6802,0.7434,0.7413,0.7601,0.7592,0.7601
pima_diabetes,ADASYN,LGBM,0.31,0.8017,0.6573,0.714,0.7124,0.7206,0.7178,0.7206
pima_diabetes,ADASYN,MLP,7.34,0.7475,0.598,0.6757,0.6756,0.6768,0.6709,0.6768
pima_diabetes,G-SMOTE,RF,1.28,0.8271,0.7054,0.7454,0.7441,0.7588,0.7573,0.7588
pima_diabetes,G-SMOTE,LGBM,0.39,0.8043,0.6666,0.7213,0.7189,0.7249,0.7218,0.7249
pima_diabetes,G-SMOTE,MLP,7.49,0.7554,0.6104,0.6708,0.6685,0.6788,0.6776,0.6788
ibm_attrition,NoOverSampling,RF,1.32,0.8026,0.5493,0.6561,0.766,0.6259,0.5228,0.6259
ibm_attrition,NoOverSampling,LGBM,0.63,0.8063,0.5631,0.6698,0.7867,0.6373,0.5361,0.6373
ibm_attrition,NoOverSampling,MLP,3.09,0.7652,0.5107,0.6879,0.7239,0.6691,0.6111,0.6691
ibm_attrition,SMOTE,RF,1.4,0.8151,0.5816,0.6991,0.7956,0.6638,0.5882,0.6638
ibm_attrition,SMOTE,LGBM,0.59,0.7978,0.5579,0.6872,0.7658,0.6578,0.58,0.6578
ibm_attrition,SMOTE,MLP,3.49,0.7551,0.4949,0.6715,0.6906,0.6593,0.6028,0.6593
ibm_attrition,ADASYN,RF,1.39,0.8139,0.5783,0.6837,0.7791,0.6503,0.5674,0.6503
ibm_attrition,ADASYN,LGBM,0.58,0.8027,0.5634,0.6921,0.7689,0.6631,0.5899,0.6631
ibm_attrition,ADASYN,MLP,3.38,0.7602,0.5006,0.6816,0.7,0.6694,0.6196,0.6694
ibm_attrition,G-SMOTE,RF,1.64,0.8039,0.5481,0.5517,0.85,0.5502,0.3211,0.5502
ibm_attrition,G-SMOTE,LGBM,0.71,0.8098,0.5615,0.6601,0.7647,0.6302,0.5296,0.6302
ibm_attrition,G-SMOTE,MLP,4.32,0.7621,0.4958,0.6822,0.6799,0.6848,0.6521,0.6848
yeast_me2,NoOverSampling,RF,1.27,0.9343,0.4459,0.7157,0.7438,0.6987,0.6346,0.6987
yeast_me2,NoOverSampling,LGBM,0.25,0.9325,0.3978,0.6438,0.8019,0.6034,0.4544,0.6034
yeast_me2,NoOverSampling,MLP,9.39,0.8742,0.4248,0.6635,0.6843,0.656,0.5469,0.656
yeast_me2,SMOTE,RF,1.3,0.927,0.4597,0.6826,0.6455,0.7612,0.735,0.7612
yeast_me2,SMOTE,LGBM,0.39,0.9371,0.4457,0.6908,0.6698,0.7303,0.6844,0.7303
yeast_me2,SMOTE,MLP,12.92,0.8727,0.4363,0.6974,0.682,0.7209,0.6707,0.7209
yeast_me2,ADASYN,RF,1.36,0.9262,0.4273,0.6777,0.6397,0.7607,0.7347,0.7607
yeast_me2,ADASYN,LGBM,0.42,0.9321,0.4067,0.6893,0.6597,0.7377,0.6974,0.7377
yeast_me2,ADASYN,MLP,13.22,0.8655,0.3863,0.6968,0.6785,0.7209,0.6707,0.7209
yeast_me2,G-SMOTE,RF,1.47,0.9409,0.4643,0.5987,0.76,0.5656,0.3199,0.5656
yeast_me2,G-SMOTE,LGBM,0.58,0.9447,0.454,0.6596,0.7566,0.6215,0.4871,0.6215
yeast_me2,G-SMOTE,MLP,11.17,0.902,0.4119,0.6871,0.6975,0.692,0.6205,0.692
mammography,NoOverSampling,RF,1.68,0.9419,0.7137,0.8347,0.8443,0.8291,0.8121,0.8291
mammography,NoOverSampling,LGBM,0.44,0.9413,0.7571,0.8418,0.9058,0.7984,0.7722,0.7984
mammography,NoOverSampling,MLP,18.57,0.957,0.7724,0.8434,0.8818,0.8131,0.7915,0.8131
mammography,SMOTE,RF,2.28,0.9463,0.7119,0.7884,0.7324,0.8873,0.8823,0.8873
mammography,SMOTE,LGBM,0.5,0.9303,0.7464,0.7996,0.7462,0.8902,0.8852,0.8902
mammography,SMOTE,MLP,56.92,0.9131,0.6886,0.7622,0.706,0.8717,0.8647,0.8717
mammography,ADASYN,RF,2.19,0.9404,0.6458,0.7537,0.6949,0.8761,0.8704,0.8761
mammography,ADASYN,LGBM,0.57,0.9292,0.6863,0.7637,0.7028,0.8916,0.8879,0.8916
mammography,ADASYN,MLP,66.25,0.9107,0.661,0.7523,0.6935,0.8829,0.8776,0.8829
mammography,G-SMOTE,RF,3.3,0.9309,0.6893,0.7558,0.6999,0.8691,0.8625,0.8691
mammography,G-SMOTE,LGBM,1.66,0.9237,0.6964,0.7905,0.7486,0.8548,0.8448,0.8548
mammography,G-SMOTE,MLP,70.89,0.9333,0.6857,0.7433,0.6792,0.9052,0.9032,0.9052
abalone_19,NoOverSampling,RF,1.38,0.7697,0.0337,0.4978,0.4962,0.4994,0.0,0.4994
abalone_19,NoOverSampling,LGBM,0.4,0.7271,0.0741,0.5231,0.5963,0.5142,0.0756,0.5142
abalone_19,NoOverSampling,MLP,16.61,0.7762,0.0306,0.4968,0.4962,0.4975,0.0,0.4975
abalone_19,SMOTE,RF,1.74,0.7782,0.0432,0.5053,0.5102,0.5929,0.4237,0.5929
abalone_19,SMOTE,LGBM,0.44,0.7812,0.0738,0.5246,0.5183,0.5511,0.311,0.5511
abalone_19,SMOTE,MLP,20.41,0.778,0.031,0.5078,0.5087,0.5075,0.0813,0.5075
abalone_19,ADASYN,RF,1.68,0.7848,0.0357,0.5045,0.5099,0.5923,0.4231,0.5923
abalone_19,ADASYN,LGBM,0.47,0.7364,0.0669,0.5176,0.5136,0.5365,0.2364,0.5365
abalone_19,ADASYN,MLP,20.32,0.7712,0.0256,0.4937,0.4961,0.4913,0.0,0.4913
abalone_19,G-SMOTE,RF,2.02,0.7744,0.0289,0.4981,0.4962,0.5,0.0,0.5
abalone_19,G-SMOTE,LGBM,0.96,0.6957,0.0775,0.523,0.5963,0.514,0.0756,0.514
abalone_19,G-SMOTE,MLP,24.08,0.7761,0.0237,0.4982,0.5024,0.5107,0.1542,0.5107
wine_quality,NoOverSampling,RF,1.4,0.8667,0.3681,0.655,0.7594,0.6161,0.4846,0.6161
wine_quality,NoOverSampling,LGBM,0.36,0.87,0.393,0.6433,0.8261,0.5966,0.4413,0.5966
wine_quality,NoOverSampling,MLP,19.74,0.7762,0.2937,0.6748,0.7275,0.6465,0.5438,0.6465
wine_quality,SMOTE,RF,1.82,0.8563,0.2914,0.6437,0.6113,0.7324,0.7018,0.7324
wine_quality,SMOTE,LGBM,0.45,0.8544,0.2928,0.662,0.635,0.7126,0.6678,0.7126
wine_quality,SMOTE,MLP,24.23,0.7649,0.2964,0.6674,0.6608,0.6795,0.606,0.6795
wine_quality,ADASYN,RF,1.96,0.8517,0.2855,0.6343,0.6033,0.7289,0.7004,0.7289
wine_quality,ADASYN,LGBM,0.5,0.853,0.3024,0.6576,0.6284,0.7159,0.674,0.7159
wine_quality,ADASYN,MLP,26.04,0.7795,0.2835,0.6634,0.658,0.6739,0.6002,0.6739
wine_quality,G-SMOTE,RF,2.43,0.8654,0.346,0.6258,0.595,0.7842,0.7744,0.7842
wine_quality,G-SMOTE,LGBM,1.13,0.8508,0.2755,0.6507,0.6209,0.7119,0.6664,0.7119
wine_quality,G-SMOTE,MLP,43.24,0.7971,0.232,0.6309,0.6026,0.7081,0.6669,0.7081
ecoli,NoOverSampling,RF,1.16,0.9276,0.6573,0.7716,0.7555,0.797,0.7816,0.797
ecoli,NoOverSampling,LGBM,0.15,0.9525,0.7368,0.7528,0.8441,0.7438,0.6771,0.7438
ecoli,NoOverSampling,MLP,3.03,0.9201,0.6157,0.6909,0.7592,0.6784,0.6054,0.6784
ecoli,SMOTE,RF,1.15,0.9368,0.6848,0.7661,0.7448,0.8063,0.7918,0.8063
ecoli,SMOTE,LGBM,0.25,0.9559,0.7719,0.8079,0.7997,0.8322,0.8156,0.8322
ecoli,SMOTE,MLP,4.78,0.9129,0.5859,0.7281,0.7515,0.7305,0.6846,0.7305
ecoli,ADASYN,RF,1.13,0.9411,0.6855,0.7764,0.7496,0.8316,0.8207,0.8316
ecoli,ADASYN,LGBM,0.22,0.9535,0.6957,0.8221,0.8068,0.8591,0.8459,0.8591
ecoli,ADASYN,MLP,4.59,0.911,0.6105,0.7272,0.7409,0.7305,0.6852,0.7305
ecoli,G-SMOTE,RF,1.2,0.9501,0.738,0.759,0.8102,0.7514,0.71,0.7514
ecoli,G-SMOTE,LGBM,0.27,0.9483,0.6625,0.7289,0.7252,0.7388,0.6201,0.7388
ecoli,G-SMOTE,MLP,4.95,0.9126,0.4924,0.7412,0.7336,0.7651,0.7413,0.7651
pageblocks,NoOverSampling,RF,1.45,0.9994,0.9033,0.8772,0.8673,0.8992,0.8866,0.8992
pageblocks,NoOverSampling,LGBM,0.36,0.9943,0.8239,0.911,0.922,0.9129,0.9069,0.9129
pageblocks,NoOverSampling,MLP,4.02,0.999,0.8928,0.8821,0.8795,0.8927,0.8809,0.8927
pageblocks,SMOTE,RF,1.84,0.9993,0.8861,0.8806,0.8475,0.9323,0.9275,0.9323
pageblocks,SMOTE,LGBM,0.52,0.9661,0.8562,0.8631,0.8465,0.8991,0.8864,0.8991
pageblocks,SMOTE,MLP,6.97,0.9983,0.8665,0.9032,0.872,0.9458,0.9433,0.9458
pageblocks,ADASYN,RF,1.82,0.9993,0.8669,0.9076,0.8892,0.9293,0.926,0.9293
pageblocks,ADASYN,LGBM,0.47,0.9662,0.7803,0.8841,0.8806,0.896,0.8849,0.896
pageblocks,ADASYN,MLP,7.05,0.9903,0.8741,0.9077,0.8665,0.9657,0.9643,0.9657
pageblocks,G-SMOTE,RF,2.36,0.9994,0.8673,0.8116,0.7295,0.9969,0.9969,0.9969
pageblocks,G-SMOTE,LGBM,1.13,0.9985,0.7469,0.8497,0.7721,0.9978,0.9978,0.9978
pageblocks,G-SMOTE,MLP,14.62,0.9995,0.8946,0.8905,0.825,0.9985,0.9985,0.9985
protein_homo,NoOverSampling,RF,30.41,0.9923,0.8819,0.9157,0.923,0.9087,0.9042,0.9087
protein_homo,NoOverSampling,LGBM,3.89,0.9935,0.8956,0.9231,0.9737,0.8825,0.8747,0.8825
protein_homo,NoOverSampling,MLP,102.73,0.9916,0.893,0.9265,0.9462,0.9092,0.9048,0.9092
protein_homo,SMOTE,RF,112.27,0.9926,0.8849,0.8461,0.7864,0.9388,0.9371,0.9388
protein_homo,SMOTE,LGBM,7.6,0.9933,0.8784,0.7981,0.7245,0.9495,0.9486,0.9495
protein_homo,SMOTE,MLP,159.03,0.9907,0.8841,0.9164,0.9222,0.911,0.9067,0.911
protein_homo,ADASYN,RF,98.18,0.9913,0.8093,0.7204,0.649,0.9505,0.95,0.9505
protein_homo,ADASYN,LGBM,7.96,0.9928,0.8498,0.7219,0.6498,0.9555,0.9552,0.9555
protein_homo,ADASYN,MLP,166.78,0.991,0.8821,0.9126,0.9093,0.917,0.9134,0.917
protein_homo,G-SMOTE,RF,116.88,0.9732,0.8113,0.8583,0.8323,0.8894,0.8829,0.8894
protein_homo,G-SMOTE,LGBM,21.96,0.9825,0.8217,0.8666,0.8438,0.8934,0.8874,0.8934
protein_homo,G-SMOTE,MLP,235.62,0.9921,0.8947,0.9286,0.9414,0.917,0.9132,0.917
satellite,NoOverSampling,RF,1.51,0.9533,0.7327,0.7876,0.7518,0.8458,0.8415,0.8458
satellite,NoOverSampling,LGBM,0.46,0.9623,0.7842,0.8252,0.8718,0.7918,0.7684,0.7918
satellite,NoOverSampling,MLP,18.55,0.9658,0.8032,0.8478,0.8661,0.8331,0.8205,0.8331
satellite,SMOTE,RF,2.38,0.9569,0.7341,0.7941,0.7568,0.8556,0.8524,0.8556
satellite,SMOTE,LGBM,0.71,0.9634,0.7723,0.8215,0.8031,0.845,0.8374,0.845
satellite,SMOTE,MLP,27.9,0.9649,0.7788,0.8344,0.8408,0.8285,0.8161,0.8285
satellite,ADASYN,RF,2.39,0.9499,0.6771,0.7569,0.7129,0.8674,0.867,0.8674
satellite,ADASYN,LGBM,0.72,0.9604,0.7494,0.8199,0.7927,0.8561,0.8511,0.8561
satellite,ADASYN,MLP,29.43,0.9645,0.771,0.8322,0.8306,0.8349,0.8245,0.8349
satellite,G-SMOTE,RF,3.17,0.9539,0.7372,0.7737,0.7292,0.8697,0.869,0.8697
satellite,G-SMOTE,LGBM,1.4,0.9549,0.7353,0.8015,0.7837,0.8236,0.8137,0.8236
satellite,G-SMOTE,MLP,25.1,0.9575,0.7179,0.814,0.8007,0.831,0.8216,0.831
churn,NoOverSampling,RF,1.53,0.9181,0.8658,0.9037,0.9249,0.8855,0.88,0.8855
churn,NoOverSampling,LGBM,0.55,0.9236,0.8815,0.9099,0.948,0.8802,0.873,0.8802
churn,NoOverSampling,MLP,14.45,0.903,0.8015,0.8535,0.8824,0.8308,0.8181,0.8308
churn,SMOTE,RF,1.96,0.9185,0.8457,0.888,0.891,0.8853,0.8811,0.8853
churn,SMOTE,LGBM,0.8,0.9169,0.869,0.8992,0.9075,0.8918,0.8876,0.8918
churn,SMOTE,MLP,16.17,0.8923,0.7619,0.8228,0.8335,0.8147,0.8019,0.8147
churn,ADASYN,RF,1.89,0.9135,0.8354,0.8822,0.8771,0.8877,0.8844,0.8877
churn,ADASYN,LGBM,0.7,0.9182,0.8674,0.8982,0.907,0.8903,0.8861,0.8903
churn,ADASYN,MLP,17.13,0.8934,0.7583,0.8199,0.8286,0.8132,0.8003,0.8132
churn,G-SMOTE,RF,2.37,0.9154,0.8646,0.8857,0.9388,0.8482,0.8358,0.8482
churn,G-SMOTE,LGBM,1.13,0.9218,0.8778,0.9089,0.9478,0.8788,0.8713,0.8788
churn,G-SMOTE,MLP,18.34,0.8996,0.7935,0.8475,0.8582,0.8388,0.8291,0.8388
secom,NoOverSampling,RF,1.59,0.7265,0.2014,0.4828,0.4669,0.5,0.0,0.5
secom,NoOverSampling,LGBM,2.28,0.7479,0.2173,0.4826,0.4668,0.4997,0.0,0.4997
secom,NoOverSampling,MLP,3.12,0.6711,0.1709,0.5394,0.6017,0.5312,0.2673,0.5312
secom,SMOTE,RF,2.35,0.7161,0.1723,0.5336,0.6101,0.528,0.2287,0.528
secom,SMOTE,LGBM,3.02,0.7067,0.1693,0.5232,0.7297,0.52,0.2184,0.52
secom,SMOTE,MLP,3.25,0.6604,0.1611,0.5365,0.5651,0.53,0.284,0.53
secom,ADASYN,RF,2.43,0.7222,0.1689,0.525,0.5847,0.5222,0.2106,0.5222
secom,ADASYN,LGBM,3.07,0.6898,0.1506,0.5015,0.519,0.5063,0.1308,0.5063
secom,ADASYN,MLP,3.17,0.6585,0.157,0.5359,0.5605,0.5297,0.2839,0.5297
secom,G-SMOTE,RF,2.47,0.6987,0.1484,0.4826,0.4668,0.4997,0.0,0.4997
secom,G-SMOTE,LGBM,2.99,0.7486,0.2179,0.4917,0.5671,0.5041,0.0436,0.5041
secom,G-SMOTE,MLP,4.07,0.6727,0.1588,0.5588,0.5735,0.5516,0.3698,0.5516
thyroid_sick,NoOverSampling,RF,1.35,0.9916,0.9166,0.9185,0.9046,0.9349,0.9334,0.9349
thyroid_sick,NoOverSampling,LGBM,0.55,0.9972,0.9645,0.939,0.9559,0.926,0.9228,0.926
thyroid_sick,NoOverSampling,MLP,8.9,0.9672,0.819,0.8652,0.8992,0.8389,0.8246,0.8389
thyroid_sick,SMOTE,RF,1.53,0.9923,0.919,0.9232,0.9076,0.9417,0.9404,0.9417
thyroid_sick,SMOTE,LGBM,0.64,0.9964,0.9427,0.9358,0.9135,0.9633,0.9628,0.9633
thyroid_sick,SMOTE,MLP,15.63,0.9591,0.7997,0.8618,0.8806,0.8461,0.8336,0.8461
thyroid_sick,ADASYN,RF,1.58,0.9923,0.9152,0.9232,0.8961,0.9555,0.9549,0.9555
thyroid_sick,ADASYN,LGBM,0.69,0.9972,0.9626,0.937,0.916,0.9633,0.9629,0.9633
thyroid_sick,ADASYN,MLP,15.83,0.9579,0.7959,0.8641,0.8736,0.8562,0.8459,0.8562
thyroid_sick,G-SMOTE,RF,2.19,0.9874,0.9189,0.8981,0.9421,0.8654,0.8542,0.8654
thyroid_sick,G-SMOTE,LGBM,1.19,0.9966,0.962,0.9437,0.9607,0.9307,0.9277,0.9307
thyroid_sick,G-SMOTE,MLP,21.04,0.9634,0.7339,0.8415,0.8019,0.8985,0.8954,0.8985
unsw_nb15,NoOverSampling,RF,22.77,0.9064,0.0996,0.5077,0.5266,0.8755,0.8748,0.8755
unsw_nb15,NoOverSampling,LGBM,6.66,0.9183,0.1827,0.59,0.9595,0.5512,0.3199,0.5512
unsw_nb15,NoOverSampling,MLP,337.51,0.9028,0.1097,0.5343,0.7946,0.5196,0.195,0.5196
unsw_nb15,SMOTE,RF,62.47,0.9107,0.1163,0.5083,0.5269,0.8797,0.8787,0.8797
unsw_nb15,SMOTE,LGBM,30.19,0.9175,0.1511,0.5221,0.5261,0.7672,0.7569,0.7672
unsw_nb15,SMOTE,MLP,27143.81,0.8933,0.1033,0.5068,0.5205,0.742,0.7301,0.742
unsw_nb15,ADASYN,RF,97.8,0.91,0.0961,0.5081,0.527,0.8814,0.8804,0.8814
unsw_nb15,ADASYN,LGBM,36.6,0.9159,0.1351,0.5207,0.5256,0.7645,0.7539,0.7645
unsw_nb15,ADASYN,MLP,25340.38,0.8936,0.0939,0.5085,0.5213,0.7475,0.7364,0.7475
unsw_nb15,G-SMOTE,RF,150.1,0.8678,0.0481,0.5028,0.5236,0.8324,0.8321,0.8324
unsw_nb15,G-SMOTE,LGBM,72.64,0.9032,0.0954,0.5067,0.525,0.8417,0.8416,0.8417
unsw_nb15,G-SMOTE,MLP,16587.7,0.8876,0.0959,0.5039,0.523,0.8115,0.8099,0.8115
