dataset,oversampling,classifier,alpha_mode,alpha_value,mmd_stage,best_k,n_candidates,candidate_multiplier_used,multiplier_capped,n_syn_target,n_synthetic,minority_ratio,target_gap,mmd_before,mmd_after,gmm_time,ctgan_train_time,generation_time,stage1_time,stage2_time,filter_time,train_time,AUC,PR_AUC,F1,Precision,Recall,G_mean,Balanced_Acc
credit_default,Q-G-CTGAN_a0.1_MMDon,RF,fixed,0.1,True,9,23225,5.0,False,11710,11710,0.5,0.0,0.009689,0.01553,5.249,68.987,2.028,0.438,28.188,28.63,0.66,0.7635,0.5425,0.6797,0.7441,0.6563,0.5904,0.6563
credit_default,Q-G-CTGAN_a0.1_MMDon,LGBM,fixed,0.1,True,9,23225,5.0,False,11710,11710,0.5,0.0,0.009689,0.01553,5.249,68.987,2.028,0.438,28.188,28.63,0.14,0.7793,0.5472,0.6765,0.7518,0.652,0.5802,0.652
credit_default,Q-G-CTGAN_a0.1_MMDon,MLP,fixed,0.1,True,9,23225,5.0,False,11710,11710,0.5,0.0,0.009689,0.01553,5.249,68.987,2.028,0.438,28.188,28.63,41.05,0.7027,0.4044,0.639,0.6394,0.6385,0.6052,0.6385
credit_default,Q-G-CTGAN_a0.1_MMDoff,RF,fixed,0.1,False,9,23225,5.0,False,11710,11710,0.5,0.0,0.009689,0.027286,5.249,68.987,2.028,0.413,0.001,0.41,0.67,0.7627,0.5434,0.6775,0.7476,0.6535,0.5842,0.6535
credit_default,Q-G-CTGAN_a0.1_MMDoff,LGBM,fixed,0.1,False,9,23225,5.0,False,11710,11710,0.5,0.0,0.009689,0.027286,5.249,68.987,2.028,0.413,0.001,0.41,0.15,0.7787,0.5474,0.676,0.7533,0.6513,0.5785,0.6513
credit_default,Q-G-CTGAN_a0.1_MMDoff,MLP,fixed,0.1,False,9,23225,5.0,False,11710,11710,0.5,0.0,0.009689,0.027286,5.249,68.987,2.028,0.413,0.001,0.41,41.98,0.6888,0.3815,0.6116,0.6327,0.6024,0.5308,0.6024
credit_default,Q-G-CTGAN_a0.2_MMDon,RF,fixed,0.2,True,9,23225,5.0,False,11710,11710,0.5,0.0,0.009689,0.012662,5.249,68.987,2.028,0.424,22.093,22.52,0.7,0.7634,0.5447,0.68,0.7458,0.6563,0.5899,0.6563
credit_default,Q-G-CTGAN_a0.2_MMDon,LGBM,fixed,0.2,True,9,23225,5.0,False,11710,11710,0.5,0.0,0.009689,0.012662,5.249,68.987,2.028,0.424,22.093,22.52,0.15,0.7802,0.5484,0.6766,0.7493,0.6524,0.5818,0.6524
credit_default,Q-G-CTGAN_a0.2_MMDon,MLP,fixed,0.2,True,9,23225,5.0,False,11710,11710,0.5,0.0,0.009689,0.012662,5.249,68.987,2.028,0.424,22.093,22.52,45.0,0.6754,0.3704,0.6053,0.626,0.5967,0.5219,0.5967
credit_default,Q-G-CTGAN_a0.2_MMDoff,RF,fixed,0.2,False,9,23225,5.0,False,11710,11710,0.5,0.0,0.009689,0.029103,5.249,68.987,2.028,0.439,0.001,0.44,0.67,0.7626,0.5443,0.6777,0.7483,0.6536,0.5843,0.6536
credit_default,Q-G-CTGAN_a0.2_MMDoff,LGBM,fixed,0.2,False,9,23225,5.0,False,11710,11710,0.5,0.0,0.009689,0.029103,5.249,68.987,2.028,0.439,0.001,0.44,0.13,0.7798,0.551,0.6763,0.7519,0.6518,0.5798,0.6518
credit_default,Q-G-CTGAN_a0.2_MMDoff,MLP,fixed,0.2,False,9,23225,5.0,False,11710,11710,0.5,0.0,0.009689,0.029103,5.249,68.987,2.028,0.439,0.001,0.44,44.45,0.6888,0.3704,0.605,0.6294,0.5958,0.5168,0.5958
credit_default,Q-G-CTGAN_a0.3_MMDon,RF,fixed,0.3,True,9,23225,5.0,False,11710,11710,0.5,0.0,0.009689,0.009877,5.249,68.987,2.028,0.45,17.587,18.04,0.7,0.7637,0.5436,0.679,0.746,0.6553,0.5881,0.6553
credit_default,Q-G-CTGAN_a0.3_MMDon,LGBM,fixed,0.3,True,9,23225,5.0,False,11710,11710,0.5,0.0,0.009689,0.009877,5.249,68.987,2.028,0.45,17.587,18.04,0.16,0.7803,0.5471,0.6767,0.7508,0.6524,0.5812,0.6524
credit_default,Q-G-CTGAN_a0.3_MMDon,MLP,fixed,0.3,True,9,23225,5.0,False,11710,11710,0.5,0.0,0.009689,0.009877,5.249,68.987,2.028,0.45,17.587,18.04,42.45,0.6872,0.3832,0.6185,0.64,0.6087,0.5404,0.6087
credit_default,Q-G-CTGAN_a0.3_MMDoff,RF,fixed,0.3,False,9,23225,5.0,False,11710,11710,0.5,0.0,0.009689,0.02374,5.249,68.987,2.028,0.417,0.0,0.42,0.66,0.7629,0.5439,0.6792,0.7492,0.6551,0.5867,0.6551
credit_default,Q-G-CTGAN_a0.3_MMDoff,LGBM,fixed,0.3,False,9,23225,5.0,False,11710,11710,0.5,0.0,0.009689,0.02374,5.249,68.987,2.028,0.417,0.0,0.42,0.14,0.7801,0.5535,0.6765,0.7538,0.6518,0.5793,0.6518
credit_default,Q-G-CTGAN_a0.3_MMDoff,MLP,fixed,0.3,False,9,23225,5.0,False,11710,11710,0.5,0.0,0.009689,0.02374,5.249,68.987,2.028,0.417,0.0,0.42,35.65,0.7158,0.4281,0.6505,0.6614,0.6429,0.5994,0.6429
credit_default,Q-G-CTGAN_adaptive_MMDon,RF,adaptive,adaptive,True,9,23225,5.0,False,11710,11710,0.5,0.0,0.009689,0.014326,5.249,68.987,2.028,0.434,23.904,24.34,0.66,0.7626,0.541,0.6786,0.7444,0.6551,0.5882,0.6551
credit_default,Q-G-CTGAN_adaptive_MMDon,LGBM,adaptive,adaptive,True,9,23225,5.0,False,11710,11710,0.5,0.0,0.009689,0.014326,5.249,68.987,2.028,0.434,23.904,24.34,0.14,0.7794,0.548,0.6752,0.7494,0.651,0.5791,0.651
credit_default,Q-G-CTGAN_adaptive_MMDon,MLP,adaptive,adaptive,True,9,23225,5.0,False,11710,11710,0.5,0.0,0.009689,0.014326,5.249,68.987,2.028,0.434,23.904,24.34,42.63,0.6677,0.3601,0.599,0.6187,0.5911,0.5138,0.5911
credit_default,Q-G-CTGAN_adaptive_MMDoff,RF,adaptive,adaptive,False,9,23225,5.0,False,11710,11710,0.5,0.0,0.009689,0.029856,5.249,68.987,2.028,0.445,0.0,0.45,0.64,0.7639,0.543,0.6766,0.7463,0.6528,0.5832,0.6528
credit_default,Q-G-CTGAN_adaptive_MMDoff,LGBM,adaptive,adaptive,False,9,23225,5.0,False,11710,11710,0.5,0.0,0.009689,0.029856,5.249,68.987,2.028,0.445,0.0,0.45,0.15,0.7796,0.5466,0.6772,0.7545,0.6524,0.5802,0.6524
credit_default,Q-G-CTGAN_adaptive_MMDoff,MLP,adaptive,adaptive,False,9,23225,5.0,False,11710,11710,0.5,0.0,0.009689,0.029856,5.249,68.987,2.028,0.445,0.0,0.45,34.82,0.7121,0.4122,0.6484,0.6571,0.6419,0.6001,0.6419
fraud_detection,Q-G-CTGAN_a0.1_MMDon,RF,fixed,0.1,True,6,17200,50.0,True,198676,15480,0.0737,0.4263,0.059819,0.058961,0.263,38.682,1.937,0.289,0.001,0.3,10.14,0.9718,0.8052,0.8896,0.8695,0.9119,0.9077,0.9119
fraud_detection,Q-G-CTGAN_a0.1_MMDon,LGBM,fixed,0.1,True,6,17200,50.0,True,198676,15480,0.0737,0.4263,0.059819,0.058961,0.263,38.682,1.937,0.289,0.001,0.3,0.43,0.9557,0.7131,0.8661,0.8296,0.9118,0.9076,0.9118
fraud_detection,Q-G-CTGAN_a0.1_MMDon,MLP,fixed,0.1,True,6,17200,50.0,True,198676,15480,0.0737,0.4263,0.059819,0.058961,0.263,38.682,1.937,0.289,0.001,0.3,47.57,0.9472,0.7944,0.9095,0.951,0.8749,0.866,0.8749
fraud_detection,Q-G-CTGAN_a0.1_MMDoff,RF,fixed,0.1,False,6,17200,50.0,True,198676,15480,0.0737,0.4263,0.059819,0.058961,0.263,38.682,1.937,0.284,0.001,0.29,10.33,0.9718,0.8052,0.8896,0.8695,0.9119,0.9077,0.9119
fraud_detection,Q-G-CTGAN_a0.1_MMDoff,LGBM,fixed,0.1,False,6,17200,50.0,True,198676,15480,0.0737,0.4263,0.059819,0.058961,0.263,38.682,1.937,0.284,0.001,0.29,0.46,0.9557,0.7131,0.8661,0.8296,0.9118,0.9076,0.9118
fraud_detection,Q-G-CTGAN_a0.1_MMDoff,MLP,fixed,0.1,False,6,17200,50.0,True,198676,15480,0.0737,0.4263,0.059819,0.058961,0.263,38.682,1.937,0.284,0.001,0.29,47.91,0.9472,0.7944,0.9095,0.951,0.8749,0.866,0.8749
fraud_detection,Q-G-CTGAN_a0.2_MMDon,RF,fixed,0.2,True,6,17200,50.0,True,198676,13760,0.0662,0.4338,0.059819,0.057539,0.263,38.682,1.937,0.28,0.001,0.28,9.98,0.9635,0.8064,0.8959,0.8811,0.9119,0.9077,0.9119
fraud_detection,Q-G-CTGAN_a0.2_MMDon,LGBM,fixed,0.2,True,6,17200,50.0,True,198676,13760,0.0662,0.4338,0.059819,0.057539,0.263,38.682,1.937,0.28,0.001,0.28,0.44,0.9528,0.7323,0.8732,0.8436,0.9085,0.9039,0.9085
fraud_detection,Q-G-CTGAN_a0.2_MMDon,MLP,fixed,0.2,True,6,17200,50.0,True,198676,13760,0.0662,0.4338,0.059819,0.057539,0.263,38.682,1.937,0.28,0.001,0.28,22.96,0.9524,0.8099,0.9097,0.9294,0.8918,0.8852,0.8918
fraud_detection,Q-G-CTGAN_a0.2_MMDoff,RF,fixed,0.2,False,6,17200,50.0,True,198676,13760,0.0662,0.4338,0.059819,0.057539,0.263,38.682,1.937,0.284,0.001,0.29,9.95,0.9635,0.8064,0.8959,0.8811,0.9119,0.9077,0.9119
fraud_detection,Q-G-CTGAN_a0.2_MMDoff,LGBM,fixed,0.2,False,6,17200,50.0,True,198676,13760,0.0662,0.4338,0.059819,0.057539,0.263,38.682,1.937,0.284,0.001,0.29,0.45,0.9528,0.7323,0.8732,0.8436,0.9085,0.9039,0.9085
fraud_detection,Q-G-CTGAN_a0.2_MMDoff,MLP,fixed,0.2,False,6,17200,50.0,True,198676,13760,0.0662,0.4338,0.059819,0.057539,0.263,38.682,1.937,0.284,0.001,0.29,22.86,0.9524,0.8099,0.9097,0.9294,0.8918,0.8852,0.8918
fraud_detection,Q-G-CTGAN_a0.3_MMDon,RF,fixed,0.3,True,6,17200,50.0,True,198676,12040,0.0586,0.4414,0.059819,0.058092,0.263,38.682,1.937,0.278,0.0,0.28,9.8,0.9758,0.8086,0.8946,0.8787,0.9119,0.9077,0.9119
fraud_detection,Q-G-CTGAN_a0.3_MMDon,LGBM,fixed,0.3,True,6,17200,50.0,True,198676,12040,0.0586,0.4414,0.059819,0.058092,0.263,38.682,1.937,0.278,0.0,0.28,0.44,0.9476,0.7358,0.8728,0.8406,0.9118,0.9076,0.9118
fraud_detection,Q-G-CTGAN_a0.3_MMDon,MLP,fixed,0.3,True,6,17200,50.0,True,198676,12040,0.0586,0.4414,0.059819,0.058092,0.263,38.682,1.937,0.278,0.0,0.28,32.44,0.9502,0.8046,0.9033,0.9195,0.8884,0.8814,0.8884
fraud_detection,Q-G-CTGAN_a0.3_MMDoff,RF,fixed,0.3,False,6,17200,50.0,True,198676,12040,0.0586,0.4414,0.059819,0.058092,0.263,38.682,1.937,0.291,0.001,0.3,9.82,0.9758,0.8086,0.8946,0.8787,0.9119,0.9077,0.9119
fraud_detection,Q-G-CTGAN_a0.3_MMDoff,LGBM,fixed,0.3,False,6,17200,50.0,True,198676,12040,0.0586,0.4414,0.059819,0.058092,0.263,38.682,1.937,0.291,0.001,0.3,0.43,0.9476,0.7358,0.8728,0.8406,0.9118,0.9076,0.9118
fraud_detection,Q-G-CTGAN_a0.3_MMDoff,MLP,fixed,0.3,False,6,17200,50.0,True,198676,12040,0.0586,0.4414,0.059819,0.058092,0.263,38.682,1.937,0.291,0.001,0.3,32.1,0.9502,0.8046,0.9033,0.9195,0.8884,0.8814,0.8884
fraud_detection,Q-G-CTGAN_adaptive_MMDon,RF,adaptive,adaptive,True,6,17200,50.0,True,198676,12593,0.061,0.439,0.059819,0.057483,0.263,38.682,1.937,0.286,0.001,0.29,9.79,0.9692,0.8054,0.8934,0.8764,0.9119,0.9077,0.9119
fraud_detection,Q-G-CTGAN_adaptive_MMDon,LGBM,adaptive,adaptive,True,6,17200,50.0,True,198676,12593,0.061,0.439,0.059819,0.057483,0.263,38.682,1.937,0.286,0.001,0.29,0.44,0.9559,0.7336,0.8728,0.8406,0.9118,0.9076,0.9118
fraud_detection,Q-G-CTGAN_adaptive_MMDon,MLP,adaptive,adaptive,True,6,17200,50.0,True,198676,12593,0.061,0.439,0.059819,0.057483,0.263,38.682,1.937,0.286,0.001,0.29,34.52,0.948,0.7872,0.9078,0.9378,0.8817,0.8737,0.8817
fraud_detection,Q-G-CTGAN_adaptive_MMDoff,RF,adaptive,adaptive,False,6,17200,50.0,True,198676,12593,0.061,0.439,0.059819,0.057483,0.263,38.682,1.937,0.278,0.001,0.28,9.95,0.9692,0.8054,0.8934,0.8764,0.9119,0.9077,0.9119
fraud_detection,Q-G-CTGAN_adaptive_MMDoff,LGBM,adaptive,adaptive,False,6,17200,50.0,True,198676,12593,0.061,0.439,0.059819,0.057483,0.263,38.682,1.937,0.278,0.001,0.28,0.44,0.9559,0.7336,0.8728,0.8406,0.9118,0.9076,0.9118
fraud_detection,Q-G-CTGAN_adaptive_MMDoff,MLP,adaptive,adaptive,False,6,17200,50.0,True,198676,12593,0.061,0.439,0.059819,0.057483,0.263,38.682,1.937,0.278,0.001,0.28,33.66,0.948,0.7872,0.9078,0.9378,0.8817,0.8737,0.8817
pima_diabetes,Q-G-CTGAN_a0.1_MMDon,RF,fixed,0.1,True,4,935,5.0,False,163,163,0.5,0.0,0.045863,0.022437,0.3,12.991,0.059,0.008,0.064,0.07,0.25,0.821,0.7073,0.7109,0.7103,0.7115,0.7068,0.7115
pima_diabetes,Q-G-CTGAN_a0.1_MMDon,LGBM,fixed,0.1,True,4,935,5.0,False,163,163,0.5,0.0,0.045863,0.022437,0.3,12.991,0.059,0.008,0.064,0.07,0.06,0.8183,0.6891,0.7132,0.7145,0.712,0.7057,0.712
pima_diabetes,Q-G-CTGAN_a0.1_MMDon,MLP,fixed,0.1,True,4,935,5.0,False,163,163,0.5,0.0,0.045863,0.022437,0.3,12.991,0.059,0.008,0.064,0.07,0.91,0.7561,0.6375,0.6968,0.6941,0.701,0.6985,0.701
pima_diabetes,Q-G-CTGAN_a0.1_MMDoff,RF,fixed,0.1,False,4,935,5.0,False,163,163,0.5,0.0,0.045863,0.199471,0.3,12.991,0.059,0.007,0.0,0.01,0.21,0.824,0.7189,0.7117,0.7261,0.7044,0.6885,0.7044
pima_diabetes,Q-G-CTGAN_a0.1_MMDoff,LGBM,fixed,0.1,False,4,935,5.0,False,163,163,0.5,0.0,0.045863,0.199471,0.3,12.991,0.059,0.007,0.0,0.01,0.06,0.8176,0.6874,0.6918,0.705,0.6854,0.6678,0.6854
pima_diabetes,Q-G-CTGAN_a0.1_MMDoff,MLP,fixed,0.1,False,4,935,5.0,False,163,163,0.5,0.0,0.045863,0.199471,0.3,12.991,0.059,0.007,0.0,0.01,0.9,0.7723,0.6475,0.7014,0.7009,0.702,0.6968,0.702
pima_diabetes,Q-G-CTGAN_a0.2_MMDon,RF,fixed,0.2,True,4,935,5.0,False,163,163,0.5,0.0,0.045863,0.023272,0.3,12.991,0.059,0.007,0.036,0.04,0.21,0.8281,0.7185,0.7132,0.7145,0.712,0.7057,0.712
pima_diabetes,Q-G-CTGAN_a0.2_MMDon,LGBM,fixed,0.2,True,4,935,5.0,False,163,163,0.5,0.0,0.045863,0.023272,0.3,12.991,0.059,0.007,0.036,0.04,0.05,0.8136,0.6899,0.7014,0.7009,0.702,0.6968,0.702
pima_diabetes,Q-G-CTGAN_a0.2_MMDon,MLP,fixed,0.2,True,4,935,5.0,False,163,163,0.5,0.0,0.045863,0.023272,0.3,12.991,0.059,0.007,0.036,0.04,0.92,0.7736,0.657,0.7154,0.7124,0.72,0.718,0.72
pima_diabetes,Q-G-CTGAN_a0.2_MMDoff,RF,fixed,0.2,False,4,935,5.0,False,163,163,0.5,0.0,0.045863,0.207781,0.3,12.991,0.059,0.007,0.0,0.01,0.22,0.8223,0.7125,0.7117,0.7261,0.7044,0.6885,0.7044
pima_diabetes,Q-G-CTGAN_a0.2_MMDoff,LGBM,fixed,0.2,False,4,935,5.0,False,163,163,0.5,0.0,0.045863,0.207781,0.3,12.991,0.059,0.007,0.0,0.01,0.05,0.8166,0.6905,0.7276,0.7413,0.7201,0.7064,0.7201
pima_diabetes,Q-G-CTGAN_a0.2_MMDoff,MLP,fixed,0.2,False,4,935,5.0,False,163,163,0.5,0.0,0.045863,0.207781,0.3,12.991,0.059,0.007,0.0,0.01,0.92,0.7719,0.6339,0.6979,0.6998,0.6963,0.6885,0.6963
pima_diabetes,Q-G-CTGAN_a0.3_MMDon,RF,fixed,0.3,True,4,935,5.0,False,163,163,0.5,0.0,0.045863,0.023511,0.3,12.991,0.059,0.007,0.03,0.04,0.21,0.8241,0.7259,0.7267,0.7289,0.7248,0.7185,0.7248
pima_diabetes,Q-G-CTGAN_a0.3_MMDon,LGBM,fixed,0.3,True,4,935,5.0,False,163,163,0.5,0.0,0.045863,0.023511,0.3,12.991,0.059,0.007,0.03,0.04,0.05,0.8048,0.6646,0.7036,0.7049,0.7025,0.6957,0.7025
pima_diabetes,Q-G-CTGAN_a0.3_MMDon,MLP,fixed,0.3,True,4,935,5.0,False,163,163,0.5,0.0,0.045863,0.023511,0.3,12.991,0.059,0.007,0.03,0.04,0.92,0.7788,0.6632,0.6851,0.6821,0.691,0.6892,0.691
pima_diabetes,Q-G-CTGAN_a0.3_MMDoff,RF,fixed,0.3,False,4,935,5.0,False,163,163,0.5,0.0,0.045863,0.213471,0.3,12.991,0.059,0.007,0.0,0.01,0.22,0.8232,0.7096,0.6973,0.7173,0.6893,0.6678,0.6893
pima_diabetes,Q-G-CTGAN_a0.3_MMDoff,LGBM,fixed,0.3,False,4,935,5.0,False,163,163,0.5,0.0,0.045863,0.213471,0.3,12.991,0.059,0.007,0.0,0.01,0.04,0.813,0.6919,0.7276,0.75,0.7178,0.6992,0.7178
pima_diabetes,Q-G-CTGAN_a0.3_MMDoff,MLP,fixed,0.3,False,4,935,5.0,False,163,163,0.5,0.0,0.045863,0.213471,0.3,12.991,0.059,0.007,0.0,0.01,0.94,0.7772,0.6401,0.694,0.6952,0.693,0.6857,0.693
pima_diabetes,Q-G-CTGAN_adaptive_MMDon,RF,adaptive,adaptive,True,4,935,5.0,False,163,163,0.5,0.0,0.045863,0.020876,0.3,12.991,0.059,0.007,0.033,0.04,0.22,0.8218,0.7113,0.7053,0.7053,0.7053,0.6998,0.7053
pima_diabetes,Q-G-CTGAN_adaptive_MMDon,LGBM,adaptive,adaptive,True,4,935,5.0,False,163,163,0.5,0.0,0.045863,0.020876,0.3,12.991,0.059,0.007,0.033,0.04,0.05,0.8177,0.6916,0.7075,0.7095,0.7058,0.6986,0.7058
pima_diabetes,Q-G-CTGAN_adaptive_MMDon,MLP,adaptive,adaptive,True,4,935,5.0,False,163,163,0.5,0.0,0.045863,0.020876,0.3,12.991,0.059,0.007,0.033,0.04,0.88,0.7765,0.665,0.6858,0.6838,0.6886,0.6849,0.6886
pima_diabetes,Q-G-CTGAN_adaptive_MMDoff,RF,adaptive,adaptive,False,4,935,5.0,False,163,163,0.5,0.0,0.045863,0.199471,0.3,12.991,0.059,0.006,0.0,0.01,0.21,0.824,0.7189,0.7117,0.7261,0.7044,0.6885,0.7044
pima_diabetes,Q-G-CTGAN_adaptive_MMDoff,LGBM,adaptive,adaptive,False,4,935,5.0,False,163,163,0.5,0.0,0.045863,0.199471,0.3,12.991,0.059,0.006,0.0,0.01,0.05,0.8176,0.6874,0.6918,0.705,0.6854,0.6678,0.6854
pima_diabetes,Q-G-CTGAN_adaptive_MMDoff,MLP,adaptive,adaptive,False,4,935,5.0,False,163,163,0.5,0.0,0.045863,0.199471,0.3,12.991,0.059,0.006,0.0,0.01,0.87,0.7723,0.6475,0.7014,0.7009,0.702,0.6968,0.702
ibm_attrition,Q-G-CTGAN_a0.1_MMDon,RF,fixed,0.1,True,6,1046,6.3,False,697,697,0.5,0.0,0.02061,0.018266,0.142,50.066,0.822,0.059,0.105,0.16,0.22,0.7673,0.3964,0.5582,0.6916,0.5526,0.3522,0.5526
ibm_attrition,Q-G-CTGAN_a0.1_MMDon,LGBM,fixed,0.1,True,6,1046,6.3,False,697,697,0.5,0.0,0.02061,0.018266,0.142,50.066,0.822,0.059,0.105,0.16,0.09,0.7685,0.4428,0.6097,0.7101,0.5894,0.4521,0.5894
ibm_attrition,Q-G-CTGAN_a0.1_MMDon,MLP,fixed,0.1,True,6,1046,6.3,False,697,697,0.5,0.0,0.02061,0.018266,0.142,50.066,0.822,0.059,0.105,0.16,0.72,0.7142,0.4142,0.65,0.6548,0.6458,0.5949,0.6458
ibm_attrition,Q-G-CTGAN_a0.1_MMDoff,RF,fixed,0.1,False,6,1046,6.3,False,697,697,0.5,0.0,0.02061,0.033931,0.142,50.066,0.822,0.068,0.0,0.07,0.26,0.7707,0.3908,0.5395,0.6945,0.5412,0.3114,0.5412
ibm_attrition,Q-G-CTGAN_a0.1_MMDoff,LGBM,fixed,0.1,False,6,1046,6.3,False,697,697,0.5,0.0,0.02061,0.033931,0.142,50.066,0.822,0.068,0.0,0.07,0.08,0.758,0.4375,0.6351,0.7619,0.6076,0.4833,0.6076
ibm_attrition,Q-G-CTGAN_a0.1_MMDoff,MLP,fixed,0.1,False,6,1046,6.3,False,697,697,0.5,0.0,0.02061,0.033931,0.142,50.066,0.822,0.068,0.0,0.07,0.75,0.717,0.399,0.6283,0.6343,0.6234,0.5612,0.6234
ibm_attrition,Q-G-CTGAN_a0.2_MMDon,RF,fixed,0.2,True,6,1046,6.3,False,697,697,0.5,0.0,0.02061,0.018928,0.142,50.066,0.822,0.058,0.106,0.16,0.23,0.7679,0.3977,0.5362,0.6582,0.5385,0.3106,0.5385
ibm_attrition,Q-G-CTGAN_a0.2_MMDon,LGBM,fixed,0.2,True,6,1046,6.3,False,697,697,0.5,0.0,0.02061,0.018928,0.142,50.066,0.822,0.058,0.106,0.16,0.09,0.7654,0.4592,0.6188,0.7191,0.5965,0.467,0.5965
ibm_attrition,Q-G-CTGAN_a0.2_MMDon,MLP,fixed,0.2,True,6,1046,6.3,False,697,697,0.5,0.0,0.02061,0.018928,0.142,50.066,0.822,0.058,0.106,0.16,0.73,0.7162,0.4068,0.6459,0.6576,0.6372,0.5767,0.6372
ibm_attrition,Q-G-CTGAN_a0.2_MMDoff,RF,fixed,0.2,False,6,1046,6.3,False,697,697,0.5,0.0,0.02061,0.023992,0.142,50.066,0.822,0.067,0.0,0.07,0.24,0.7695,0.3945,0.5248,0.6382,0.5314,0.2875,0.5314
ibm_attrition,Q-G-CTGAN_a0.2_MMDoff,LGBM,fixed,0.2,False,6,1046,6.3,False,697,697,0.5,0.0,0.02061,0.023992,0.142,50.066,0.822,0.067,0.0,0.07,0.08,0.7689,0.4599,0.6235,0.7414,0.5992,0.4683,0.5992
ibm_attrition,Q-G-CTGAN_a0.2_MMDoff,MLP,fixed,0.2,False,6,1046,6.3,False,697,697,0.5,0.0,0.02061,0.023992,0.142,50.066,0.822,0.067,0.0,0.07,0.75,0.7201,0.41,0.637,0.6434,0.6317,0.5732,0.6317
ibm_attrition,Q-G-CTGAN_a0.3_MMDon,RF,fixed,0.3,True,6,1046,6.3,False,697,697,0.5,0.0,0.02061,0.019864,0.142,50.066,0.822,0.067,0.101,0.17,0.25,0.7729,0.3987,0.5362,0.6582,0.5385,0.3106,0.5385
ibm_attrition,Q-G-CTGAN_a0.3_MMDon,LGBM,fixed,0.3,True,6,1046,6.3,False,697,697,0.5,0.0,0.02061,0.019864,0.142,50.066,0.822,0.067,0.101,0.17,0.11,0.7732,0.4626,0.6351,0.7619,0.6076,0.4833,0.6076
ibm_attrition,Q-G-CTGAN_a0.3_MMDon,MLP,fixed,0.3,True,6,1046,6.3,False,697,697,0.5,0.0,0.02061,0.019864,0.142,50.066,0.822,0.067,0.101,0.17,0.76,0.7195,0.4192,0.6458,0.6526,0.6401,0.585,0.6401
ibm_attrition,Q-G-CTGAN_a0.3_MMDoff,RF,fixed,0.3,False,6,1046,6.3,False,697,697,0.5,0.0,0.02061,0.020046,0.142,50.066,0.822,0.066,0.0,0.07,0.25,0.7669,0.3847,0.5491,0.6927,0.5469,0.3325,0.5469
ibm_attrition,Q-G-CTGAN_a0.3_MMDoff,LGBM,fixed,0.3,False,6,1046,6.3,False,697,697,0.5,0.0,0.02061,0.020046,0.142,50.066,0.822,0.066,0.0,0.07,0.08,0.7589,0.4417,0.6212,0.7299,0.5978,0.4676,0.5978
ibm_attrition,Q-G-CTGAN_a0.3_MMDoff,MLP,fixed,0.3,False,6,1046,6.3,False,697,697,0.5,0.0,0.02061,0.020046,0.142,50.066,0.822,0.066,0.0,0.07,0.76,0.7201,0.4156,0.6349,0.6402,0.6304,0.5724,0.6304
ibm_attrition,Q-G-CTGAN_adaptive_MMDon,RF,adaptive,adaptive,True,6,1046,6.3,False,697,697,0.5,0.0,0.02061,0.018485,0.142,50.066,0.822,0.064,0.071,0.13,0.25,0.7669,0.3989,0.5345,0.6435,0.5371,0.3102,0.5371
ibm_attrition,Q-G-CTGAN_adaptive_MMDon,LGBM,adaptive,adaptive,True,6,1046,6.3,False,697,697,0.5,0.0,0.02061,0.018485,0.142,50.066,0.822,0.064,0.071,0.13,0.09,0.7642,0.4435,0.6235,0.7414,0.5992,0.4683,0.5992
ibm_attrition,Q-G-CTGAN_adaptive_MMDon,MLP,adaptive,adaptive,True,6,1046,6.3,False,697,697,0.5,0.0,0.02061,0.018485,0.142,50.066,0.822,0.064,0.071,0.13,0.72,0.7117,0.4064,0.6478,0.6515,0.6445,0.594,0.6445
ibm_attrition,Q-G-CTGAN_adaptive_MMDoff,RF,adaptive,adaptive,False,6,1046,6.3,False,697,697,0.5,0.0,0.02061,0.019422,0.142,50.066,0.822,0.066,0.0,0.07,0.25,0.7686,0.3809,0.5345,0.6435,0.5371,0.3102,0.5371
ibm_attrition,Q-G-CTGAN_adaptive_MMDoff,LGBM,adaptive,adaptive,False,6,1046,6.3,False,697,697,0.5,0.0,0.02061,0.019422,0.142,50.066,0.822,0.066,0.0,0.07,0.08,0.7733,0.4425,0.6143,0.7327,0.5921,0.4534,0.5921
ibm_attrition,Q-G-CTGAN_adaptive_MMDoff,MLP,adaptive,adaptive,False,6,1046,6.3,False,697,697,0.5,0.0,0.02061,0.019422,0.142,50.066,0.822,0.066,0.0,0.07,0.71,0.711,0.3992,0.6195,0.6252,0.615,0.5491,0.615
yeast_me2,Q-G-CTGAN_a0.1_MMDon,RF,fixed,0.1,True,3,1409,40.25,False,966,966,0.5,0.0,0.10775,0.083211,0.107,4.98,0.035,0.019,0.109,0.13,0.34,0.9228,0.2979,0.5503,0.7342,0.5322,0.2579,0.5322
yeast_me2,Q-G-CTGAN_a0.1_MMDon,LGBM,fixed,0.1,True,3,1409,40.25,False,966,966,0.5,0.0,0.10775,0.083211,0.107,4.98,0.035,0.019,0.109,0.13,0.06,0.8933,0.3205,0.6653,0.7374,0.6287,0.514,0.6287
yeast_me2,Q-G-CTGAN_a0.1_MMDon,MLP,fixed,0.1,True,3,1409,40.25,False,966,966,0.5,0.0,0.10775,0.083211,0.107,4.98,0.035,0.019,0.109,0.13,0.9,0.8823,0.141,0.5694,0.5608,0.7591,0.7534,0.7591
yeast_me2,Q-G-CTGAN_a0.1_MMDoff,RF,fixed,0.1,False,3,1409,40.25,False,966,966,0.5,0.0,0.10775,0.147545,0.107,4.98,0.035,0.009,0.0,0.01,0.23,0.9169,0.307,0.5503,0.7342,0.5322,0.2579,0.5322
yeast_me2,Q-G-CTGAN_a0.1_MMDoff,LGBM,fixed,0.1,False,3,1409,40.25,False,966,966,0.5,0.0,0.10775,0.147545,0.107,4.98,0.035,0.009,0.0,0.01,0.06,0.8928,0.3036,0.6342,0.7364,0.5965,0.4457,0.5965
yeast_me2,Q-G-CTGAN_a0.1_MMDoff,MLP,fixed,0.1,False,3,1409,40.25,False,966,966,0.5,0.0,0.10775,0.147545,0.107,4.98,0.035,0.009,0.0,0.01,1.25,0.8461,0.1409,0.5945,0.5727,0.7455,0.7311,0.7455
yeast_me2,Q-G-CTGAN_a0.2_MMDon,RF,fixed,0.2,True,3,1409,40.25,False,966,966,0.5,0.0,0.10775,0.09154,0.107,4.98,0.035,0.008,0.049,0.06,0.22,0.9217,0.2973,0.5503,0.7342,0.5322,0.2579,0.5322
yeast_me2,Q-G-CTGAN_a0.2_MMDon,LGBM,fixed,0.2,True,3,1409,40.25,False,966,966,0.5,0.0,0.10775,0.09154,0.107,4.98,0.035,0.008,0.049,0.06,0.07,0.894,0.3144,0.5967,0.7353,0.5643,0.3643,0.5643
yeast_me2,Q-G-CTGAN_a0.2_MMDon,MLP,fixed,0.2,True,3,1409,40.25,False,966,966,0.5,0.0,0.10775,0.09154,0.107,4.98,0.035,0.008,0.049,0.06,0.78,0.8609,0.1375,0.5851,0.5672,0.7408,0.7273,0.7408
yeast_me2,Q-G-CTGAN_a0.2_MMDoff,RF,fixed,0.2,False,3,1409,40.25,False,966,966,0.5,0.0,0.10775,0.142087,0.107,4.98,0.035,0.008,0.0,0.01,0.22,0.9194,0.2658,0.4909,0.4831,0.4988,0.0,0.4988
yeast_me2,Q-G-CTGAN_a0.2_MMDoff,LGBM,fixed,0.2,False,3,1409,40.25,False,966,966,0.5,0.0,0.10775,0.142087,0.107,4.98,0.035,0.008,0.0,0.01,0.06,0.8911,0.2912,0.5967,0.7353,0.5643,0.3643,0.5643
yeast_me2,Q-G-CTGAN_a0.2_MMDoff,MLP,fixed,0.2,False,3,1409,40.25,False,966,966,0.5,0.0,0.10775,0.142087,0.107,4.98,0.035,0.008,0.0,0.01,0.89,0.8582,0.1531,0.5723,0.5603,0.7339,0.7216,0.7339
yeast_me2,Q-G-CTGAN_a0.3_MMDon,RF,fixed,0.3,True,3,1409,40.25,False,966,966,0.5,0.0,0.10775,0.105175,0.107,4.98,0.035,0.009,0.043,0.05,0.23,0.9172,0.3245,0.5503,0.7342,0.5322,0.2579,0.5322
yeast_me2,Q-G-CTGAN_a0.3_MMDon,LGBM,fixed,0.3,True,3,1409,40.25,False,966,966,0.5,0.0,0.10775,0.105175,0.107,4.98,0.035,0.009,0.043,0.05,0.06,0.891,0.3115,0.5967,0.7353,0.5643,0.3643,0.5643
yeast_me2,Q-G-CTGAN_a0.3_MMDon,MLP,fixed,0.3,True,3,1409,40.25,False,966,966,0.5,0.0,0.10775,0.105175,0.107,4.98,0.035,0.009,0.043,0.05,1.38,0.8758,0.1556,0.5764,0.5625,0.7362,0.7235,0.7362
yeast_me2,Q-G-CTGAN_a0.3_MMDoff,RF,fixed,0.3,False,3,1409,40.25,False,966,966,0.5,0.0,0.10775,0.112988,0.107,4.98,0.035,0.009,0.0,0.01,0.23,0.9236,0.3251,0.5545,0.9843,0.5333,0.2582,0.5333
yeast_me2,Q-G-CTGAN_a0.3_MMDoff,LGBM,fixed,0.3,False,3,1409,40.25,False,966,966,0.5,0.0,0.10775,0.112988,0.107,4.98,0.035,0.009,0.0,0.01,0.06,0.8933,0.305,0.5967,0.7353,0.5643,0.3643,0.5643
yeast_me2,Q-G-CTGAN_a0.3_MMDoff,MLP,fixed,0.3,False,3,1409,40.25,False,966,966,0.5,0.0,0.10775,0.112988,0.107,4.98,0.035,0.009,0.0,0.01,0.56,0.875,0.1464,0.5881,0.5704,0.7695,0.7626,0.7695
yeast_me2,Q-G-CTGAN_adaptive_MMDon,RF,adaptive,adaptive,True,3,1409,40.25,False,966,966,0.5,0.0,0.10775,0.095812,0.107,4.98,0.035,0.009,0.043,0.05,0.22,0.9216,0.2923,0.5503,0.7342,0.5322,0.2579,0.5322
yeast_me2,Q-G-CTGAN_adaptive_MMDon,LGBM,adaptive,adaptive,True,3,1409,40.25,False,966,966,0.5,0.0,0.10775,0.095812,0.107,4.98,0.035,0.009,0.043,0.05,0.06,0.895,0.3043,0.5967,0.7353,0.5643,0.3643,0.5643
yeast_me2,Q-G-CTGAN_adaptive_MMDon,MLP,adaptive,adaptive,True,3,1409,40.25,False,966,966,0.5,0.0,0.10775,0.095812,0.107,4.98,0.035,0.009,0.043,0.05,0.93,0.875,0.1431,0.5663,0.5573,0.7304,0.7187,0.7304
yeast_me2,Q-G-CTGAN_adaptive_MMDoff,RF,adaptive,adaptive,False,3,1409,40.25,False,966,966,0.5,0.0,0.10775,0.112633,0.107,4.98,0.035,0.008,0.0,0.01,0.22,0.9279,0.333,0.5545,0.9843,0.5333,0.2582,0.5333
yeast_me2,Q-G-CTGAN_adaptive_MMDoff,LGBM,adaptive,adaptive,False,3,1409,40.25,False,966,966,0.5,0.0,0.10775,0.112633,0.107,4.98,0.035,0.008,0.0,0.01,0.06,0.897,0.3032,0.5967,0.7353,0.5643,0.3643,0.5643
yeast_me2,Q-G-CTGAN_adaptive_MMDoff,MLP,adaptive,adaptive,False,3,1409,40.25,False,966,966,0.5,0.0,0.10775,0.112633,0.107,4.98,0.035,0.008,0.0,0.01,0.54,0.8741,0.1453,0.5785,0.5636,0.7374,0.7244,0.7374
mammography,Q-G-CTGAN_a0.1_MMDon,RF,fixed,0.1,True,9,9100,50.0,True,7464,7464,0.5,0.0,0.007835,0.010505,0.291,22.681,0.873,0.069,1.231,1.3,0.35,0.954,0.7187,0.8047,0.763,0.864,0.8556,0.864
mammography,Q-G-CTGAN_a0.1_MMDon,LGBM,fixed,0.1,True,9,9100,50.0,True,7464,7464,0.5,0.0,0.007835,0.010505,0.291,22.681,0.873,0.069,1.231,1.3,0.1,0.9541,0.7225,0.8133,0.7823,0.8526,0.8419,0.8526
mammography,Q-G-CTGAN_a0.1_MMDon,MLP,fixed,0.1,True,9,9100,50.0,True,7464,7464,0.5,0.0,0.007835,0.010505,0.291,22.681,0.873,0.069,1.231,1.3,9.58,0.962,0.7404,0.7756,0.714,0.8974,0.8941,0.8974
mammography,Q-G-CTGAN_a0.1_MMDoff,RF,fixed,0.1,False,9,9100,50.0,True,7464,7464,0.5,0.0,0.007835,0.007061,0.291,22.681,0.873,0.04,0.001,0.04,0.37,0.9541,0.7194,0.8118,0.7731,0.8646,0.8561,0.8646
mammography,Q-G-CTGAN_a0.1_MMDoff,LGBM,fixed,0.1,False,9,9100,50.0,True,7464,7464,0.5,0.0,0.007835,0.007061,0.291,22.681,0.873,0.04,0.001,0.04,0.08,0.9462,0.7359,0.8192,0.7841,0.8652,0.8566,0.8652
mammography,Q-G-CTGAN_a0.1_MMDoff,MLP,fixed,0.1,False,9,9100,50.0,True,7464,7464,0.5,0.0,0.007835,0.007061,0.291,22.681,0.873,0.04,0.001,0.04,8.8,0.9633,0.7477,0.7871,0.7306,0.8866,0.8818,0.8866
mammography,Q-G-CTGAN_a0.2_MMDon,RF,fixed,0.2,True,9,9100,50.0,True,7464,7280,0.4939,0.0061,0.007835,0.005665,0.291,22.681,0.873,0.043,0.0,0.04,0.38,0.9556,0.7332,0.8138,0.7728,0.8709,0.8633,0.8709
mammography,Q-G-CTGAN_a0.2_MMDon,LGBM,fixed,0.2,True,9,9100,50.0,True,7464,7280,0.4939,0.0061,0.007835,0.005665,0.291,22.681,0.873,0.043,0.0,0.04,0.08,0.9511,0.749,0.8191,0.7876,0.8591,0.8495,0.8591
mammography,Q-G-CTGAN_a0.2_MMDon,MLP,fixed,0.2,True,9,9100,50.0,True,7464,7280,0.4939,0.0061,0.007835,0.005665,0.291,22.681,0.873,0.043,0.0,0.04,11.19,0.9642,0.7775,0.8015,0.744,0.9002,0.8967,0.9002
mammography,Q-G-CTGAN_a0.2_MMDoff,RF,fixed,0.2,False,9,9100,50.0,True,7464,7280,0.4939,0.0061,0.007835,0.005665,0.291,22.681,0.873,0.041,0.0,0.04,0.36,0.9556,0.7332,0.8138,0.7728,0.8709,0.8633,0.8709
mammography,Q-G-CTGAN_a0.2_MMDoff,LGBM,fixed,0.2,False,9,9100,50.0,True,7464,7280,0.4939,0.0061,0.007835,0.005665,0.291,22.681,0.873,0.041,0.0,0.04,0.08,0.9511,0.749,0.8191,0.7876,0.8591,0.8495,0.8591
mammography,Q-G-CTGAN_a0.2_MMDoff,MLP,fixed,0.2,False,9,9100,50.0,True,7464,7280,0.4939,0.0061,0.007835,0.005665,0.291,22.681,0.873,0.041,0.0,0.04,11.03,0.9642,0.7775,0.8015,0.744,0.9002,0.8967,0.9002
mammography,Q-G-CTGAN_a0.3_MMDon,RF,fixed,0.3,True,9,9100,50.0,True,7464,6370,0.4615,0.0385,0.007835,0.004557,0.291,22.681,0.873,0.046,0.0,0.05,0.35,0.9562,0.735,0.8136,0.7758,0.8648,0.8562,0.8648
mammography,Q-G-CTGAN_a0.3_MMDon,LGBM,fixed,0.3,True,9,9100,50.0,True,7464,6370,0.4615,0.0385,0.007835,0.004557,0.291,22.681,0.873,0.046,0.0,0.05,0.08,0.9516,0.7525,0.8325,0.7935,0.8846,0.8787,0.8846
mammography,Q-G-CTGAN_a0.3_MMDon,MLP,fixed,0.3,True,9,9100,50.0,True,7464,6370,0.4615,0.0385,0.007835,0.004557,0.291,22.681,0.873,0.046,0.0,0.05,10.98,0.9598,0.7273,0.7942,0.7512,0.857,0.8476,0.857
mammography,Q-G-CTGAN_a0.3_MMDoff,RF,fixed,0.3,False,9,9100,50.0,True,7464,6370,0.4615,0.0385,0.007835,0.004557,0.291,22.681,0.873,0.043,0.0,0.04,0.34,0.9562,0.735,0.8136,0.7758,0.8648,0.8562,0.8648
mammography,Q-G-CTGAN_a0.3_MMDoff,LGBM,fixed,0.3,False,9,9100,50.0,True,7464,6370,0.4615,0.0385,0.007835,0.004557,0.291,22.681,0.873,0.043,0.0,0.04,0.07,0.9516,0.7525,0.8325,0.7935,0.8846,0.8787,0.8846
mammography,Q-G-CTGAN_a0.3_MMDoff,MLP,fixed,0.3,False,9,9100,50.0,True,7464,6370,0.4615,0.0385,0.007835,0.004557,0.291,22.681,0.873,0.043,0.0,0.04,10.77,0.9598,0.7273,0.7942,0.7512,0.857,0.8476,0.857
mammography,Q-G-CTGAN_adaptive_MMDon,RF,adaptive,adaptive,True,9,9100,50.0,True,7464,6956,0.4828,0.0172,0.007835,0.005653,0.291,22.681,0.873,0.043,0.0,0.04,0.37,0.9565,0.7357,0.8138,0.7728,0.8709,0.8633,0.8709
mammography,Q-G-CTGAN_adaptive_MMDon,LGBM,adaptive,adaptive,True,9,9100,50.0,True,7464,6956,0.4828,0.0172,0.007835,0.005653,0.291,22.681,0.873,0.043,0.0,0.04,0.09,0.9504,0.7555,0.8308,0.7981,0.8723,0.8645,0.8723
mammography,Q-G-CTGAN_adaptive_MMDon,MLP,adaptive,adaptive,True,9,9100,50.0,True,7464,6956,0.4828,0.0172,0.007835,0.005653,0.291,22.681,0.873,0.043,0.0,0.04,7.29,0.9627,0.7628,0.8,0.7421,0.9,0.8965,0.9
mammography,Q-G-CTGAN_adaptive_MMDoff,RF,adaptive,adaptive,False,9,9100,50.0,True,7464,6956,0.4828,0.0172,0.007835,0.005653,0.291,22.681,0.873,0.042,0.0,0.04,0.35,0.9565,0.7357,0.8138,0.7728,0.8709,0.8633,0.8709
mammography,Q-G-CTGAN_adaptive_MMDoff,LGBM,adaptive,adaptive,False,9,9100,50.0,True,7464,6956,0.4828,0.0172,0.007835,0.005653,0.291,22.681,0.873,0.042,0.0,0.04,0.08,0.9504,0.7555,0.8308,0.7981,0.8723,0.8645,0.8723
mammography,Q-G-CTGAN_adaptive_MMDoff,MLP,adaptive,adaptive,False,9,9100,50.0,True,7464,6956,0.4828,0.0172,0.007835,0.005653,0.291,22.681,0.873,0.042,0.0,0.04,7.32,0.9627,0.7628,0.8,0.7421,0.9,0.8965,0.9
abalone_19,Q-G-CTGAN_a0.1_MMDon,RF,fixed,0.1,True,5,1100,50.0,True,2879,990,0.2586,0.2414,0.010028,0.009392,0.084,14.502,0.982,0.009,0.0,0.01,0.25,0.7578,0.0347,0.498,0.496,0.5,0.0,0.5
abalone_19,Q-G-CTGAN_a0.1_MMDon,LGBM,fixed,0.1,True,5,1100,50.0,True,2879,990,0.2586,0.2414,0.010028,0.009392,0.084,14.502,0.982,0.009,0.0,0.01,0.07,0.7455,0.042,0.498,0.496,0.5,0.0,0.5
abalone_19,Q-G-CTGAN_a0.1_MMDon,MLP,fixed,0.1,True,5,1100,50.0,True,2879,990,0.2586,0.2414,0.010028,0.009392,0.084,14.502,0.982,0.009,0.0,0.01,3.51,0.7544,0.0236,0.5025,0.5053,0.5283,0.3093,0.5283
abalone_19,Q-G-CTGAN_a0.1_MMDoff,RF,fixed,0.1,False,5,1100,50.0,True,2879,990,0.2586,0.2414,0.010028,0.009392,0.084,14.502,0.982,0.008,0.0,0.01,0.24,0.7578,0.0347,0.498,0.496,0.5,0.0,0.5
abalone_19,Q-G-CTGAN_a0.1_MMDoff,LGBM,fixed,0.1,False,5,1100,50.0,True,2879,990,0.2586,0.2414,0.010028,0.009392,0.084,14.502,0.982,0.008,0.0,0.01,0.07,0.7455,0.042,0.498,0.496,0.5,0.0,0.5
abalone_19,Q-G-CTGAN_a0.1_MMDoff,MLP,fixed,0.1,False,5,1100,50.0,True,2879,990,0.2586,0.2414,0.010028,0.009392,0.084,14.502,0.982,0.008,0.0,0.01,3.49,0.7544,0.0236,0.5025,0.5053,0.5283,0.3093,0.5283
abalone_19,Q-G-CTGAN_a0.2_MMDon,RF,fixed,0.2,True,5,1100,50.0,True,2879,880,0.2372,0.2628,0.010028,0.009397,0.084,14.502,0.982,0.008,0.0,0.01,0.25,0.7767,0.0322,0.498,0.496,0.5,0.0,0.5
abalone_19,Q-G-CTGAN_a0.2_MMDon,LGBM,fixed,0.2,True,5,1100,50.0,True,2879,880,0.2372,0.2628,0.010028,0.009397,0.084,14.502,0.982,0.008,0.0,0.01,0.06,0.7043,0.0327,0.498,0.496,0.5,0.0,0.5
abalone_19,Q-G-CTGAN_a0.2_MMDon,MLP,fixed,0.2,True,5,1100,50.0,True,2879,880,0.2372,0.2628,0.010028,0.009397,0.084,14.502,0.982,0.008,0.0,0.01,2.61,0.7687,0.0259,0.4929,0.4959,0.49,0.0,0.49
abalone_19,Q-G-CTGAN_a0.2_MMDoff,RF,fixed,0.2,False,5,1100,50.0,True,2879,880,0.2372,0.2628,0.010028,0.009397,0.084,14.502,0.982,0.006,0.0,0.01,0.24,0.7767,0.0322,0.498,0.496,0.5,0.0,0.5
abalone_19,Q-G-CTGAN_a0.2_MMDoff,LGBM,fixed,0.2,False,5,1100,50.0,True,2879,880,0.2372,0.2628,0.010028,0.009397,0.084,14.502,0.982,0.006,0.0,0.01,0.06,0.7043,0.0327,0.498,0.496,0.5,0.0,0.5
abalone_19,Q-G-CTGAN_a0.2_MMDoff,MLP,fixed,0.2,False,5,1100,50.0,True,2879,880,0.2372,0.2628,0.010028,0.009397,0.084,14.502,0.982,0.006,0.0,0.01,2.58,0.7687,0.0259,0.4929,0.4959,0.49,0.0,0.49
abalone_19,Q-G-CTGAN_a0.3_MMDon,RF,fixed,0.3,True,5,1100,50.0,True,2879,770,0.2145,0.2855,0.010028,0.008936,0.084,14.502,0.982,0.007,0.0,0.01,0.25,0.7805,0.0247,0.498,0.496,0.5,0.0,0.5
abalone_19,Q-G-CTGAN_a0.3_MMDon,LGBM,fixed,0.3,True,5,1100,50.0,True,2879,770,0.2145,0.2855,0.010028,0.008936,0.084,14.502,0.982,0.007,0.0,0.01,0.07,0.6743,0.0324,0.4978,0.496,0.4996,0.0,0.4996
abalone_19,Q-G-CTGAN_a0.3_MMDon,MLP,fixed,0.3,True,5,1100,50.0,True,2879,770,0.2145,0.2855,0.010028,0.008936,0.084,14.502,0.982,0.007,0.0,0.01,2.34,0.7162,0.0203,0.4942,0.496,0.4924,0.0,0.4924
abalone_19,Q-G-CTGAN_a0.3_MMDoff,RF,fixed,0.3,False,5,1100,50.0,True,2879,770,0.2145,0.2855,0.010028,0.008936,0.084,14.502,0.982,0.008,0.0,0.01,0.24,0.7805,0.0247,0.498,0.496,0.5,0.0,0.5
abalone_19,Q-G-CTGAN_a0.3_MMDoff,LGBM,fixed,0.3,False,5,1100,50.0,True,2879,770,0.2145,0.2855,0.010028,0.008936,0.084,14.502,0.982,0.008,0.0,0.01,0.07,0.6743,0.0324,0.4978,0.496,0.4996,0.0,0.4996
abalone_19,Q-G-CTGAN_a0.3_MMDoff,MLP,fixed,0.3,False,5,1100,50.0,True,2879,770,0.2145,0.2855,0.010028,0.008936,0.084,14.502,0.982,0.008,0.0,0.01,2.35,0.7162,0.0203,0.4942,0.496,0.4924,0.0,0.4924
abalone_19,Q-G-CTGAN_adaptive_MMDon,RF,adaptive,adaptive,True,5,1100,50.0,True,2879,836,0.2283,0.2717,0.010028,0.008995,0.084,14.502,0.982,0.007,0.0,0.01,0.25,0.78,0.0257,0.498,0.496,0.5,0.0,0.5
abalone_19,Q-G-CTGAN_adaptive_MMDon,LGBM,adaptive,adaptive,True,5,1100,50.0,True,2879,836,0.2283,0.2717,0.010028,0.008995,0.084,14.502,0.982,0.007,0.0,0.01,0.07,0.6982,0.0532,0.498,0.496,0.5,0.0,0.5
abalone_19,Q-G-CTGAN_adaptive_MMDon,MLP,adaptive,adaptive,True,5,1100,50.0,True,2879,836,0.2283,0.2717,0.010028,0.008995,0.084,14.502,0.982,0.007,0.0,0.01,1.88,0.766,0.027,0.5264,0.5202,0.542,0.3137,0.542
abalone_19,Q-G-CTGAN_adaptive_MMDoff,RF,adaptive,adaptive,False,5,1100,50.0,True,2879,836,0.2283,0.2717,0.010028,0.008995,0.084,14.502,0.982,0.008,0.0,0.01,0.24,0.78,0.0257,0.498,0.496,0.5,0.0,0.5
abalone_19,Q-G-CTGAN_adaptive_MMDoff,LGBM,adaptive,adaptive,False,5,1100,50.0,True,2879,836,0.2283,0.2717,0.010028,0.008995,0.084,14.502,0.982,0.008,0.0,0.01,0.07,0.6982,0.0532,0.498,0.496,0.5,0.0,0.5
abalone_19,Q-G-CTGAN_adaptive_MMDoff,MLP,adaptive,adaptive,False,5,1100,50.0,True,2879,836,0.2283,0.2717,0.010028,0.008995,0.084,14.502,0.982,0.008,0.0,0.01,1.94,0.766,0.027,0.5264,0.5202,0.542,0.3137,0.542
wine_quality,Q-G-CTGAN_a0.1_MMDon,RF,fixed,0.1,True,2,4758,37.17,False,3172,3172,0.5,0.0,0.151807,0.129974,0.207,7.72,0.087,0.166,0.456,0.62,0.28,0.8678,0.2397,0.5914,0.6246,0.5737,0.4012,0.5737
wine_quality,Q-G-CTGAN_a0.1_MMDon,LGBM,fixed,0.1,True,2,4758,37.17,False,3172,3172,0.5,0.0,0.151807,0.129974,0.207,7.72,0.087,0.166,0.456,0.62,0.08,0.8748,0.2469,0.6017,0.6359,0.5828,0.4229,0.5828
wine_quality,Q-G-CTGAN_a0.1_MMDon,MLP,fixed,0.1,True,2,4758,37.17,False,3172,3172,0.5,0.0,0.151807,0.129974,0.207,7.72,0.087,0.166,0.456,0.62,4.82,0.8496,0.3885,0.7425,0.7405,0.7447,0.7064,0.7447
wine_quality,Q-G-CTGAN_a0.1_MMDoff,RF,fixed,0.1,False,2,4758,37.17,False,3172,3172,0.5,0.0,0.151807,0.146058,0.207,7.72,0.087,0.103,0.0,0.1,0.31,0.8615,0.2676,0.6128,0.6767,0.5853,0.424,0.5853
wine_quality,Q-G-CTGAN_a0.1_MMDoff,LGBM,fixed,0.1,False,2,4758,37.17,False,3172,3172,0.5,0.0,0.151807,0.146058,0.207,7.72,0.087,0.103,0.0,0.1,0.08,0.8787,0.2658,0.6184,0.6681,0.5933,0.4442,0.5933
wine_quality,Q-G-CTGAN_a0.1_MMDoff,MLP,fixed,0.1,False,2,4758,37.17,False,3172,3172,0.5,0.0,0.151807,0.146058,0.207,7.72,0.087,0.103,0.0,0.1,4.98,0.8361,0.4031,0.7123,0.7087,0.716,0.6665,0.716
wine_quality,Q-G-CTGAN_a0.2_MMDon,RF,fixed,0.2,True,2,4758,37.17,False,3172,3172,0.5,0.0,0.151807,0.146172,0.207,7.72,0.087,0.097,0.355,0.45,0.28,0.8775,0.2593,0.582,0.617,0.565,0.3784,0.565
wine_quality,Q-G-CTGAN_a0.2_MMDon,LGBM,fixed,0.2,True,2,4758,37.17,False,3172,3172,0.5,0.0,0.151807,0.146172,0.207,7.72,0.087,0.097,0.355,0.45,0.07,0.8859,0.2609,0.5914,0.6246,0.5737,0.4012,0.5737
wine_quality,Q-G-CTGAN_a0.2_MMDon,MLP,fixed,0.2,True,2,4758,37.17,False,3172,3172,0.5,0.0,0.151807,0.146172,0.207,7.72,0.087,0.097,0.355,0.45,5.88,0.8262,0.3433,0.7185,0.7291,0.709,0.6545,0.709
wine_quality,Q-G-CTGAN_a0.2_MMDoff,RF,fixed,0.2,False,2,4758,37.17,False,3172,3172,0.5,0.0,0.151807,0.160415,0.207,7.72,0.087,0.099,0.0,0.1,0.28,0.8724,0.2731,0.5971,0.6448,0.5751,0.4018,0.5751
wine_quality,Q-G-CTGAN_a0.2_MMDoff,LGBM,fixed,0.2,False,2,4758,37.17,False,3172,3172,0.5,0.0,0.151807,0.160415,0.207,7.72,0.087,0.099,0.0,0.1,0.07,0.886,0.2922,0.6236,0.6885,0.5943,0.4447,0.5943
wine_quality,Q-G-CTGAN_a0.2_MMDoff,MLP,fixed,0.2,False,2,4758,37.17,False,3172,3172,0.5,0.0,0.151807,0.160415,0.207,7.72,0.087,0.099,0.0,0.1,5.22,0.8192,0.3439,0.7078,0.7275,0.6915,0.6271,0.6915
wine_quality,Q-G-CTGAN_a0.3_MMDon,RF,fixed,0.3,True,2,4758,37.17,False,3172,3172,0.5,0.0,0.151807,0.168416,0.207,7.72,0.087,0.096,0.296,0.39,0.27,0.8778,0.2708,0.5833,0.6216,0.5653,0.3785,0.5653
wine_quality,Q-G-CTGAN_a0.3_MMDon,LGBM,fixed,0.3,True,2,4758,37.17,False,3172,3172,0.5,0.0,0.151807,0.168416,0.207,7.72,0.087,0.096,0.296,0.39,0.08,0.8808,0.2731,0.6095,0.663,0.5845,0.4237,0.5845
wine_quality,Q-G-CTGAN_a0.3_MMDon,MLP,fixed,0.3,True,2,4758,37.17,False,3172,3172,0.5,0.0,0.151807,0.168416,0.207,7.72,0.087,0.096,0.296,0.39,6.04,0.7819,0.373,0.6791,0.7121,0.6559,0.5676,0.6559
wine_quality,Q-G-CTGAN_a0.3_MMDoff,RF,fixed,0.3,False,2,4758,37.17,False,3172,3172,0.5,0.0,0.151807,0.171201,0.207,7.72,0.087,0.096,0.0,0.1,0.32,0.8837,0.2804,0.5941,0.634,0.5744,0.4015,0.5744
wine_quality,Q-G-CTGAN_a0.3_MMDoff,LGBM,fixed,0.3,False,2,4758,37.17,False,3172,3172,0.5,0.0,0.151807,0.171201,0.207,7.72,0.087,0.096,0.0,0.1,0.07,0.8862,0.2718,0.6219,0.6812,0.594,0.4445,0.594
wine_quality,Q-G-CTGAN_a0.3_MMDoff,MLP,fixed,0.3,False,2,4758,37.17,False,3172,3172,0.5,0.0,0.151807,0.171201,0.207,7.72,0.087,0.096,0.0,0.1,5.16,0.8252,0.3278,0.677,0.7066,0.6555,0.5674,0.6555
wine_quality,Q-G-CTGAN_adaptive_MMDon,RF,adaptive,adaptive,True,2,4758,37.17,False,3172,3172,0.5,0.0,0.151807,0.142345,0.207,7.72,0.087,0.097,0.41,0.51,0.27,0.8706,0.2433,0.5914,0.6246,0.5737,0.4012,0.5737
wine_quality,Q-G-CTGAN_adaptive_MMDon,LGBM,adaptive,adaptive,True,2,4758,37.17,False,3172,3172,0.5,0.0,0.151807,0.142345,0.207,7.72,0.087,0.097,0.41,0.51,0.08,0.8849,0.2441,0.615,0.6566,0.5926,0.4439,0.5926
wine_quality,Q-G-CTGAN_adaptive_MMDon,MLP,adaptive,adaptive,True,2,4758,37.17,False,3172,3172,0.5,0.0,0.151807,0.142345,0.207,7.72,0.087,0.097,0.41,0.51,5.16,0.8219,0.3636,0.7233,0.7391,0.7097,0.655,0.7097
wine_quality,Q-G-CTGAN_adaptive_MMDoff,RF,adaptive,adaptive,False,2,4758,37.17,False,3172,3172,0.5,0.0,0.151807,0.158669,0.207,7.72,0.087,0.097,0.0,0.1,0.27,0.8665,0.2626,0.586,0.6319,0.566,0.3788,0.566
wine_quality,Q-G-CTGAN_adaptive_MMDoff,LGBM,adaptive,adaptive,False,2,4758,37.17,False,3172,3172,0.5,0.0,0.151807,0.158669,0.207,7.72,0.087,0.097,0.0,0.1,0.06,0.8775,0.2551,0.6387,0.6885,0.6115,0.4829,0.6115
wine_quality,Q-G-CTGAN_adaptive_MMDoff,MLP,adaptive,adaptive,False,2,4758,37.17,False,3172,3172,0.5,0.0,0.151807,0.158669,0.207,7.72,0.087,0.097,0.0,0.1,5.14,0.8221,0.3374,0.7359,0.7554,0.7195,0.6689,0.7195
ecoli,Q-G-CTGAN_a0.1_MMDon,RF,fixed,0.1,True,3,269,11.69,False,187,187,0.5,0.0,0.051748,0.020272,0.134,5.769,0.027,0.002,0.017,0.02,0.25,0.9828,0.9022,0.8671,0.8835,0.8525,0.8433,0.8525
ecoli,Q-G-CTGAN_a0.1_MMDon,LGBM,fixed,0.1,True,3,269,11.69,False,187,187,0.5,0.0,0.051748,0.020272,0.134,5.769,0.027,0.002,0.017,0.02,0.04,0.9747,0.8524,0.889,0.9281,0.8581,0.8481,0.8581
ecoli,Q-G-CTGAN_a0.1_MMDon,MLP,fixed,0.1,True,3,269,11.69,False,187,187,0.5,0.0,0.051748,0.020272,0.134,5.769,0.027,0.002,0.017,0.02,0.61,0.9273,0.6153,0.8043,0.7571,0.9045,0.9045,0.9045
ecoli,Q-G-CTGAN_a0.1_MMDoff,RF,fixed,0.1,False,3,269,11.69,False,187,187,0.5,0.0,0.051748,0.03207,0.134,5.769,0.027,0.002,0.0,0.0,0.18,0.9788,0.8885,0.8548,0.916,0.8126,0.7933,0.8126
ecoli,Q-G-CTGAN_a0.1_MMDoff,LGBM,fixed,0.1,False,3,269,11.69,False,187,187,0.5,0.0,0.051748,0.03207,0.134,5.769,0.027,0.002,0.0,0.0,0.03,0.9798,0.8993,0.889,0.9281,0.8581,0.8481,0.8581
ecoli,Q-G-CTGAN_a0.1_MMDoff,MLP,fixed,0.1,False,3,269,11.69,False,187,187,0.5,0.0,0.051748,0.03207,0.134,5.769,0.027,0.002,0.0,0.0,0.62,0.9263,0.5725,0.7904,0.7438,0.899,0.8989,0.899
ecoli,Q-G-CTGAN_a0.2_MMDon,RF,fixed,0.2,True,3,269,11.69,False,187,187,0.5,0.0,0.051748,0.024603,0.134,5.769,0.027,0.002,0.007,0.01,0.19,0.9828,0.9041,0.889,0.9281,0.8581,0.8481,0.8581
ecoli,Q-G-CTGAN_a0.2_MMDon,LGBM,fixed,0.2,True,3,269,11.69,False,187,187,0.5,0.0,0.051748,0.024603,0.134,5.769,0.027,0.002,0.007,0.01,0.03,0.9768,0.878,0.889,0.9281,0.8581,0.8481,0.8581
ecoli,Q-G-CTGAN_a0.2_MMDon,MLP,fixed,0.2,True,3,269,11.69,False,187,187,0.5,0.0,0.051748,0.024603,0.134,5.769,0.027,0.002,0.007,0.01,0.64,0.9253,0.6691,0.7786,0.738,0.8591,0.8581,0.8591
ecoli,Q-G-CTGAN_a0.2_MMDoff,RF,fixed,0.2,False,3,269,11.69,False,187,187,0.5,0.0,0.051748,0.034084,0.134,5.769,0.027,0.002,0.0,0.0,0.19,0.9859,0.9057,0.889,0.9281,0.8581,0.8481,0.8581
ecoli,Q-G-CTGAN_a0.2_MMDoff,LGBM,fixed,0.2,False,3,269,11.69,False,187,187,0.5,0.0,0.051748,0.034084,0.134,5.769,0.027,0.002,0.0,0.0,0.03,0.9788,0.8791,0.889,0.9281,0.8581,0.8481,0.8581
ecoli,Q-G-CTGAN_a0.2_MMDoff,MLP,fixed,0.2,False,3,269,11.69,False,187,187,0.5,0.0,0.051748,0.034084,0.134,5.769,0.027,0.002,0.0,0.0,0.45,0.9212,0.617,0.7786,0.738,0.8591,0.8581,0.8591
ecoli,Q-G-CTGAN_a0.3_MMDon,RF,fixed,0.3,True,3,269,11.69,False,187,187,0.5,0.0,0.051748,0.037199,0.134,5.769,0.027,0.002,0.005,0.01,0.19,0.9848,0.9058,0.889,0.9281,0.8581,0.8481,0.8581
ecoli,Q-G-CTGAN_a0.3_MMDon,LGBM,fixed,0.3,True,3,269,11.69,False,187,187,0.5,0.0,0.051748,0.037199,0.134,5.769,0.027,0.002,0.005,0.01,0.04,0.9758,0.8786,0.8548,0.916,0.8126,0.7933,0.8126
ecoli,Q-G-CTGAN_a0.3_MMDon,MLP,fixed,0.3,True,3,269,11.69,False,187,187,0.5,0.0,0.051748,0.037199,0.134,5.769,0.027,0.002,0.005,0.01,0.62,0.9232,0.5987,0.7786,0.738,0.8591,0.8581,0.8591
ecoli,Q-G-CTGAN_a0.3_MMDoff,RF,fixed,0.3,False,3,269,11.69,False,187,187,0.5,0.0,0.051748,0.037059,0.134,5.769,0.027,0.003,0.0,0.0,0.18,0.9838,0.8945,0.8671,0.8835,0.8525,0.8433,0.8525
ecoli,Q-G-CTGAN_a0.3_MMDoff,LGBM,fixed,0.3,False,3,269,11.69,False,187,187,0.5,0.0,0.051748,0.037059,0.134,5.769,0.027,0.003,0.0,0.0,0.03,0.9768,0.8838,0.8548,0.916,0.8126,0.7933,0.8126
ecoli,Q-G-CTGAN_a0.3_MMDoff,MLP,fixed,0.3,False,3,269,11.69,False,187,187,0.5,0.0,0.051748,0.037059,0.134,5.769,0.027,0.003,0.0,0.0,0.52,0.9283,0.6417,0.7786,0.738,0.8591,0.8581,0.8591
ecoli,Q-G-CTGAN_adaptive_MMDon,RF,adaptive,adaptive,True,3,269,11.69,False,187,187,0.5,0.0,0.051748,0.025851,0.134,5.769,0.027,0.002,0.007,0.01,0.18,0.9838,0.8978,0.889,0.9281,0.8581,0.8481,0.8581
ecoli,Q-G-CTGAN_adaptive_MMDon,LGBM,adaptive,adaptive,True,3,269,11.69,False,187,187,0.5,0.0,0.051748,0.025851,0.134,5.769,0.027,0.002,0.007,0.01,0.03,0.9768,0.87,0.8335,0.8671,0.8071,0.7888,0.8071
ecoli,Q-G-CTGAN_adaptive_MMDon,MLP,adaptive,adaptive,True,3,269,11.69,False,187,187,0.5,0.0,0.051748,0.025851,0.134,5.769,0.027,0.002,0.007,0.01,0.6,0.9253,0.6423,0.7904,0.7438,0.899,0.8989,0.899
ecoli,Q-G-CTGAN_adaptive_MMDoff,RF,adaptive,adaptive,False,3,269,11.69,False,187,187,0.5,0.0,0.051748,0.041811,0.134,5.769,0.027,0.002,0.0,0.0,0.2,0.9758,0.8673,0.8548,0.916,0.8126,0.7933,0.8126
ecoli,Q-G-CTGAN_adaptive_MMDoff,LGBM,adaptive,adaptive,False,3,269,11.69,False,187,187,0.5,0.0,0.051748,0.041811,0.134,5.769,0.027,0.002,0.0,0.0,0.03,0.9778,0.8781,0.889,0.9281,0.8581,0.8481,0.8581
ecoli,Q-G-CTGAN_adaptive_MMDoff,MLP,adaptive,adaptive,False,3,269,11.69,False,187,187,0.5,0.0,0.051748,0.041811,0.134,5.769,0.027,0.002,0.0,0.0,0.5,0.9263,0.5699,0.8043,0.7571,0.9045,0.9045,0.9045
pageblocks,Q-G-CTGAN_a0.1_MMDon,RF,fixed,0.1,True,5,1000,50.0,True,3791,900,0.1945,0.3055,0.005677,0.005554,0.087,15.465,0.151,0.013,0.0,0.01,0.3,0.9976,0.592,0.7558,0.6739,0.9954,0.9954,0.9954
pageblocks,Q-G-CTGAN_a0.1_MMDon,LGBM,fixed,0.1,True,5,1000,50.0,True,3791,900,0.1945,0.3055,0.005677,0.005554,0.087,15.465,0.151,0.013,0.0,0.01,0.08,0.9979,0.741,0.7739,0.6905,0.996,0.996,0.996
pageblocks,Q-G-CTGAN_a0.1_MMDon,MLP,fixed,0.1,True,5,1000,50.0,True,3791,900,0.1945,0.3055,0.005677,0.005554,0.087,15.465,0.151,0.013,0.0,0.01,1.75,0.9966,0.5651,0.7839,0.7,0.9963,0.9963,0.9963
pageblocks,Q-G-CTGAN_a0.1_MMDoff,RF,fixed,0.1,False,5,1000,50.0,True,3791,900,0.1945,0.3055,0.005677,0.005554,0.087,15.465,0.151,0.007,0.0,0.01,0.26,0.9976,0.592,0.7558,0.6739,0.9954,0.9954,0.9954
pageblocks,Q-G-CTGAN_a0.1_MMDoff,LGBM,fixed,0.1,False,5,1000,50.0,True,3791,900,0.1945,0.3055,0.005677,0.005554,0.087,15.465,0.151,0.007,0.0,0.01,0.07,0.9979,0.741,0.7739,0.6905,0.996,0.996,0.996
pageblocks,Q-G-CTGAN_a0.1_MMDoff,MLP,fixed,0.1,False,5,1000,50.0,True,3791,900,0.1945,0.3055,0.005677,0.005554,0.087,15.465,0.151,0.007,0.0,0.01,1.89,0.9966,0.5651,0.7839,0.7,0.9963,0.9963,0.9963
pageblocks,Q-G-CTGAN_a0.2_MMDon,RF,fixed,0.2,True,5,1000,50.0,True,3791,800,0.1771,0.3229,0.005677,0.005777,0.087,15.465,0.151,0.007,0.0,0.01,0.24,0.9983,0.6644,0.7558,0.6739,0.9954,0.9954,0.9954
pageblocks,Q-G-CTGAN_a0.2_MMDon,LGBM,fixed,0.2,True,5,1000,50.0,True,3791,800,0.1771,0.3229,0.005677,0.005777,0.087,15.465,0.151,0.007,0.0,0.01,0.06,0.9979,0.7063,0.7839,0.7,0.9963,0.9963,0.9963
pageblocks,Q-G-CTGAN_a0.2_MMDon,MLP,fixed,0.2,True,5,1000,50.0,True,3791,800,0.1771,0.3229,0.005677,0.005777,0.087,15.465,0.151,0.007,0.0,0.01,1.78,0.9972,0.6122,0.8186,0.7353,0.9972,0.9972,0.9972
pageblocks,Q-G-CTGAN_a0.2_MMDoff,RF,fixed,0.2,False,5,1000,50.0,True,3791,800,0.1771,0.3229,0.005677,0.005777,0.087,15.465,0.151,0.007,0.0,0.01,0.24,0.9983,0.6644,0.7558,0.6739,0.9954,0.9954,0.9954
pageblocks,Q-G-CTGAN_a0.2_MMDoff,LGBM,fixed,0.2,False,5,1000,50.0,True,3791,800,0.1771,0.3229,0.005677,0.005777,0.087,15.465,0.151,0.007,0.0,0.01,0.06,0.9979,0.7063,0.7839,0.7,0.9963,0.9963,0.9963
pageblocks,Q-G-CTGAN_a0.2_MMDoff,MLP,fixed,0.2,False,5,1000,50.0,True,3791,800,0.1771,0.3229,0.005677,0.005777,0.087,15.465,0.151,0.007,0.0,0.01,1.8,0.9972,0.6122,0.8186,0.7353,0.9972,0.9972,0.9972
pageblocks,Q-G-CTGAN_a0.3_MMDon,RF,fixed,0.3,True,5,1000,50.0,True,3791,700,0.1589,0.3411,0.005677,0.006069,0.087,15.465,0.151,0.006,0.0,0.01,0.24,0.9985,0.7356,0.7558,0.6739,0.9954,0.9954,0.9954
pageblocks,Q-G-CTGAN_a0.3_MMDon,LGBM,fixed,0.3,True,5,1000,50.0,True,3791,700,0.1589,0.3411,0.005677,0.006069,0.087,15.465,0.151,0.006,0.0,0.01,0.07,0.9985,0.766,0.7739,0.6905,0.996,0.996,0.996
pageblocks,Q-G-CTGAN_a0.3_MMDon,MLP,fixed,0.3,True,5,1000,50.0,True,3791,700,0.1589,0.3411,0.005677,0.006069,0.087,15.465,0.151,0.006,0.0,0.01,1.7,0.9975,0.6386,0.8186,0.7353,0.9972,0.9972,0.9972
pageblocks,Q-G-CTGAN_a0.3_MMDoff,RF,fixed,0.3,False,5,1000,50.0,True,3791,700,0.1589,0.3411,0.005677,0.006069,0.087,15.465,0.151,0.007,0.0,0.01,0.25,0.9985,0.7356,0.7558,0.6739,0.9954,0.9954,0.9954
pageblocks,Q-G-CTGAN_a0.3_MMDoff,LGBM,fixed,0.3,False,5,1000,50.0,True,3791,700,0.1589,0.3411,0.005677,0.006069,0.087,15.465,0.151,0.007,0.0,0.01,0.06,0.9985,0.766,0.7739,0.6905,0.996,0.996,0.996
pageblocks,Q-G-CTGAN_a0.3_MMDoff,MLP,fixed,0.3,False,5,1000,50.0,True,3791,700,0.1589,0.3411,0.005677,0.006069,0.087,15.465,0.151,0.007,0.0,0.01,1.66,0.9975,0.6386,0.8186,0.7353,0.9972,0.9972,0.9972
pageblocks,Q-G-CTGAN_adaptive_MMDon,RF,adaptive,adaptive,True,5,1000,50.0,True,3791,771,0.1719,0.3281,0.005677,0.006534,0.087,15.465,0.151,0.006,0.0,0.01,0.25,0.9982,0.6659,0.7558,0.6739,0.9954,0.9954,0.9954
pageblocks,Q-G-CTGAN_adaptive_MMDon,LGBM,adaptive,adaptive,True,5,1000,50.0,True,3791,771,0.1719,0.3281,0.005677,0.006534,0.087,15.465,0.151,0.006,0.0,0.01,0.07,0.9989,0.8053,0.7739,0.6905,0.996,0.996,0.996
pageblocks,Q-G-CTGAN_adaptive_MMDon,MLP,adaptive,adaptive,True,5,1000,50.0,True,3791,771,0.1719,0.3281,0.005677,0.006534,0.087,15.465,0.151,0.006,0.0,0.01,1.8,0.9969,0.578,0.8186,0.7353,0.9972,0.9972,0.9972
pageblocks,Q-G-CTGAN_adaptive_MMDoff,RF,adaptive,adaptive,False,5,1000,50.0,True,3791,771,0.1719,0.3281,0.005677,0.006534,0.087,15.465,0.151,0.006,0.0,0.01,0.25,0.9982,0.6659,0.7558,0.6739,0.9954,0.9954,0.9954
pageblocks,Q-G-CTGAN_adaptive_MMDoff,LGBM,adaptive,adaptive,False,5,1000,50.0,True,3791,771,0.1719,0.3281,0.005677,0.006534,0.087,15.465,0.151,0.006,0.0,0.01,0.06,0.9989,0.8053,0.7739,0.6905,0.996,0.996,0.996
pageblocks,Q-G-CTGAN_adaptive_MMDoff,MLP,adaptive,adaptive,False,5,1000,50.0,True,3791,771,0.1719,0.3281,0.005677,0.006534,0.087,15.465,0.151,0.006,0.0,0.01,1.85,0.9969,0.578,0.8186,0.7353,0.9972,0.9972,0.9972
protein_homo,Q-G-CTGAN_a0.1_MMDon,RF,fixed,0.1,True,2,45350,50.0,True,100211,40815,0.2921,0.2079,0.09745,0.094801,0.826,52.74,6.103,0.94,0.004,0.95,8.14,0.9841,0.8353,0.9145,0.9695,0.8713,0.8618,0.8713
protein_homo,Q-G-CTGAN_a0.1_MMDon,LGBM,fixed,0.1,True,2,45350,50.0,True,100211,40815,0.2921,0.2079,0.09745,0.094801,0.826,52.74,6.103,0.94,0.004,0.95,0.67,0.9933,0.8842,0.9184,0.932,0.9056,0.9008,0.9056
protein_homo,Q-G-CTGAN_a0.1_MMDon,MLP,fixed,0.1,True,2,45350,50.0,True,100211,40815,0.2921,0.2079,0.09745,0.094801,0.826,52.74,6.103,0.94,0.004,0.95,27.96,0.9947,0.8909,0.9296,0.97,0.8957,0.8896,0.8957
protein_homo,Q-G-CTGAN_a0.1_MMDoff,RF,fixed,0.1,False,2,45350,50.0,True,100211,40815,0.2921,0.2079,0.09745,0.094801,0.826,52.74,6.103,0.957,0.004,0.97,8.21,0.9841,0.8353,0.9145,0.9695,0.8713,0.8618,0.8713
protein_homo,Q-G-CTGAN_a0.1_MMDoff,LGBM,fixed,0.1,False,2,45350,50.0,True,100211,40815,0.2921,0.2079,0.09745,0.094801,0.826,52.74,6.103,0.957,0.004,0.97,0.71,0.9933,0.8842,0.9184,0.932,0.9056,0.9008,0.9056
protein_homo,Q-G-CTGAN_a0.1_MMDoff,MLP,fixed,0.1,False,2,45350,50.0,True,100211,40815,0.2921,0.2079,0.09745,0.094801,0.826,52.74,6.103,0.957,0.004,0.97,28.27,0.9947,0.8909,0.9296,0.97,0.8957,0.8896,0.8957
protein_homo,Q-G-CTGAN_a0.2_MMDon,RF,fixed,0.2,True,2,45350,50.0,True,100211,36280,0.2689,0.2311,0.09745,0.093015,0.826,52.74,6.103,0.964,0.003,0.97,7.66,0.9834,0.835,0.9145,0.9695,0.8713,0.8618,0.8713
protein_homo,Q-G-CTGAN_a0.2_MMDon,LGBM,fixed,0.2,True,2,45350,50.0,True,100211,36280,0.2689,0.2311,0.09745,0.093015,0.826,52.74,6.103,0.964,0.003,0.97,0.63,0.9946,0.89,0.9119,0.9242,0.9004,0.895,0.9004
protein_homo,Q-G-CTGAN_a0.2_MMDon,MLP,fixed,0.2,True,2,45350,50.0,True,100211,36280,0.2689,0.2311,0.09745,0.093015,0.826,52.74,6.103,0.964,0.003,0.97,26.14,0.9959,0.9047,0.9333,0.9665,0.9046,0.8996,0.9046
protein_homo,Q-G-CTGAN_a0.2_MMDoff,RF,fixed,0.2,False,2,45350,50.0,True,100211,36280,0.2689,0.2311,0.09745,0.093015,0.826,52.74,6.103,1.017,0.004,1.02,7.69,0.9834,0.835,0.9145,0.9695,0.8713,0.8618,0.8713
protein_homo,Q-G-CTGAN_a0.2_MMDoff,LGBM,fixed,0.2,False,2,45350,50.0,True,100211,36280,0.2689,0.2311,0.09745,0.093015,0.826,52.74,6.103,1.017,0.004,1.02,0.68,0.9946,0.89,0.9119,0.9242,0.9004,0.895,0.9004
protein_homo,Q-G-CTGAN_a0.2_MMDoff,MLP,fixed,0.2,False,2,45350,50.0,True,100211,36280,0.2689,0.2311,0.09745,0.093015,0.826,52.74,6.103,1.017,0.004,1.02,26.03,0.9959,0.9047,0.9333,0.9665,0.9046,0.8996,0.9046
protein_homo,Q-G-CTGAN_a0.3_MMDon,RF,fixed,0.3,True,2,45350,50.0,True,100211,31745,0.2441,0.2559,0.09745,0.089586,0.826,52.74,6.103,0.95,0.004,0.96,7.3,0.9856,0.8411,0.9171,0.9699,0.8751,0.8662,0.8751
protein_homo,Q-G-CTGAN_a0.3_MMDon,LGBM,fixed,0.3,True,2,45350,50.0,True,100211,31745,0.2441,0.2559,0.09745,0.089586,0.826,52.74,6.103,0.95,0.004,0.96,0.62,0.9958,0.89,0.9145,0.9239,0.9055,0.9007,0.9055
protein_homo,Q-G-CTGAN_a0.3_MMDon,MLP,fixed,0.3,True,2,45350,50.0,True,100211,31745,0.2441,0.2559,0.09745,0.089586,0.826,52.74,6.103,0.95,0.004,0.96,20.69,0.9955,0.8988,0.927,0.9554,0.902,0.8967,0.902
protein_homo,Q-G-CTGAN_a0.3_MMDoff,RF,fixed,0.3,False,2,45350,50.0,True,100211,31745,0.2441,0.2559,0.09745,0.089586,0.826,52.74,6.103,0.993,0.003,1.0,7.25,0.9856,0.8411,0.9171,0.9699,0.8751,0.8662,0.8751
protein_homo,Q-G-CTGAN_a0.3_MMDoff,LGBM,fixed,0.3,False,2,45350,50.0,True,100211,31745,0.2441,0.2559,0.09745,0.089586,0.826,52.74,6.103,0.993,0.003,1.0,0.73,0.9958,0.89,0.9145,0.9239,0.9055,0.9007,0.9055
protein_homo,Q-G-CTGAN_a0.3_MMDoff,MLP,fixed,0.3,False,2,45350,50.0,True,100211,31745,0.2441,0.2559,0.09745,0.089586,0.826,52.74,6.103,0.993,0.003,1.0,20.79,0.9955,0.8988,0.927,0.9554,0.902,0.8967,0.902
protein_homo,Q-G-CTGAN_adaptive_MMDon,RF,adaptive,adaptive,True,2,45350,50.0,True,100211,34545,0.2596,0.2404,0.09745,0.093872,0.826,52.74,6.103,0.962,0.003,0.97,7.57,0.9834,0.8374,0.9139,0.968,0.8712,0.8617,0.8712
protein_homo,Q-G-CTGAN_adaptive_MMDon,LGBM,adaptive,adaptive,True,2,45350,50.0,True,100211,34545,0.2596,0.2404,0.09745,0.093872,0.826,52.74,6.103,0.962,0.003,0.97,0.67,0.9947,0.885,0.9127,0.9244,0.9017,0.8964,0.9017
protein_homo,Q-G-CTGAN_adaptive_MMDon,MLP,adaptive,adaptive,True,2,45350,50.0,True,100211,34545,0.2596,0.2404,0.09745,0.093872,0.826,52.74,6.103,0.962,0.003,0.97,22.51,0.9949,0.8868,0.9172,0.9338,0.9018,0.8965,0.9018
protein_homo,Q-G-CTGAN_adaptive_MMDoff,RF,adaptive,adaptive,False,2,45350,50.0,True,100211,34545,0.2596,0.2404,0.09745,0.093872,0.826,52.74,6.103,0.981,0.003,0.99,7.52,0.9834,0.8374,0.9139,0.968,0.8712,0.8617,0.8712
protein_homo,Q-G-CTGAN_adaptive_MMDoff,LGBM,adaptive,adaptive,False,2,45350,50.0,True,100211,34545,0.2596,0.2404,0.09745,0.093872,0.826,52.74,6.103,0.981,0.003,0.99,0.65,0.9947,0.885,0.9127,0.9244,0.9017,0.8964,0.9017
protein_homo,Q-G-CTGAN_adaptive_MMDoff,MLP,adaptive,adaptive,False,2,45350,50.0,True,100211,34545,0.2596,0.2404,0.09745,0.093872,0.826,52.74,6.103,0.981,0.003,0.99,22.5,0.9949,0.8868,0.9172,0.9338,0.9018,0.8965,0.9018
satellite,Q-G-CTGAN_a0.1_MMDon,RF,fixed,0.1,True,2,5438,12.41,False,3625,3625,0.5,0.0,0.146623,0.147238,0.56,19.052,0.248,0.065,2.56,2.63,0.38,0.944,0.6787,0.7808,0.8064,0.7602,0.7308,0.7602
satellite,Q-G-CTGAN_a0.1_MMDon,LGBM,fixed,0.1,True,2,5438,12.41,False,3625,3625,0.5,0.0,0.146623,0.147238,0.56,19.052,0.248,0.065,2.56,2.63,0.12,0.9522,0.7019,0.8063,0.831,0.786,0.7634,0.786
satellite,Q-G-CTGAN_a0.1_MMDon,MLP,fixed,0.1,True,2,5438,12.41,False,3625,3625,0.5,0.0,0.146623,0.147238,0.56,19.052,0.248,0.065,2.56,2.63,6.54,0.9569,0.7425,0.8261,0.8469,0.8082,0.7909,0.8082
satellite,Q-G-CTGAN_a0.1_MMDoff,RF,fixed,0.1,False,2,5438,12.41,False,3625,3625,0.5,0.0,0.146623,0.21255,0.56,19.052,0.248,0.061,0.001,0.06,0.35,0.9482,0.687,0.774,0.8053,0.7501,0.7169,0.7501
satellite,Q-G-CTGAN_a0.1_MMDoff,LGBM,fixed,0.1,False,2,5438,12.41,False,3625,3625,0.5,0.0,0.146623,0.21255,0.56,19.052,0.248,0.061,0.001,0.06,0.1,0.955,0.7204,0.8001,0.8378,0.7717,0.744,0.7717
satellite,Q-G-CTGAN_a0.1_MMDoff,MLP,fixed,0.1,False,2,5438,12.41,False,3625,3625,0.5,0.0,0.146623,0.21255,0.56,19.052,0.248,0.061,0.001,0.06,5.66,0.955,0.7664,0.8293,0.8395,0.8199,0.8058,0.8199
satellite,Q-G-CTGAN_a0.2_MMDon,RF,fixed,0.2,True,2,5438,12.41,False,3625,3625,0.5,0.0,0.146623,0.150775,0.56,19.052,0.248,0.064,1.864,1.93,0.38,0.9433,0.6817,0.7874,0.8076,0.7703,0.7444,0.7703
satellite,Q-G-CTGAN_a0.2_MMDon,LGBM,fixed,0.2,True,2,5438,12.41,False,3625,3625,0.5,0.0,0.146623,0.150775,0.56,19.052,0.248,0.064,1.864,1.93,0.1,0.9519,0.6972,0.7925,0.8213,0.7696,0.7424,0.7696
satellite,Q-G-CTGAN_a0.2_MMDon,MLP,fixed,0.2,True,2,5438,12.41,False,3625,3625,0.5,0.0,0.146623,0.150775,0.56,19.052,0.248,0.064,1.864,1.93,6.24,0.9453,0.6874,0.8032,0.8276,0.783,0.7598,0.783
satellite,Q-G-CTGAN_a0.2_MMDoff,RF,fixed,0.2,False,2,5438,12.41,False,3625,3625,0.5,0.0,0.146623,0.196727,0.56,19.052,0.248,0.065,0.001,0.07,0.38,0.9463,0.6856,0.7658,0.791,0.7457,0.712,0.7457
satellite,Q-G-CTGAN_a0.2_MMDoff,LGBM,fixed,0.2,False,2,5438,12.41,False,3625,3625,0.5,0.0,0.146623,0.196727,0.56,19.052,0.248,0.065,0.001,0.07,0.12,0.9522,0.7007,0.7862,0.8113,0.7658,0.7381,0.7658
satellite,Q-G-CTGAN_a0.2_MMDoff,MLP,fixed,0.2,False,2,5438,12.41,False,3625,3625,0.5,0.0,0.146623,0.196727,0.56,19.052,0.248,0.065,0.001,0.07,5.79,0.9574,0.7557,0.8329,0.849,0.8186,0.8037,0.8186
satellite,Q-G-CTGAN_a0.3_MMDon,RF,fixed,0.3,True,2,5438,12.41,False,3625,3625,0.5,0.0,0.146623,0.153785,0.56,19.052,0.248,0.067,1.505,1.57,0.39,0.9447,0.6804,0.7702,0.7939,0.751,0.7192,0.751
satellite,Q-G-CTGAN_a0.3_MMDon,LGBM,fixed,0.3,True,2,5438,12.41,False,3625,3625,0.5,0.0,0.146623,0.153785,0.56,19.052,0.248,0.067,1.505,1.57,0.11,0.9497,0.6928,0.7989,0.8284,0.7756,0.7499,0.7756
satellite,Q-G-CTGAN_a0.3_MMDon,MLP,fixed,0.3,True,2,5438,12.41,False,3625,3625,0.5,0.0,0.146623,0.153785,0.56,19.052,0.248,0.067,1.505,1.57,5.71,0.9529,0.7092,0.8138,0.8184,0.8093,0.7939,0.8093
satellite,Q-G-CTGAN_a0.3_MMDoff,RF,fixed,0.3,False,2,5438,12.41,False,3625,3625,0.5,0.0,0.146623,0.160908,0.56,19.052,0.248,0.068,0.0,0.07,0.37,0.9439,0.6798,0.7756,0.7988,0.7567,0.7266,0.7567
satellite,Q-G-CTGAN_a0.3_MMDoff,LGBM,fixed,0.3,False,2,5438,12.41,False,3625,3625,0.5,0.0,0.146623,0.160908,0.56,19.052,0.248,0.068,0.0,0.07,0.1,0.9522,0.6873,0.801,0.8232,0.7824,0.7593,0.7824
satellite,Q-G-CTGAN_a0.3_MMDoff,MLP,fixed,0.3,False,2,5438,12.41,False,3625,3625,0.5,0.0,0.146623,0.160908,0.56,19.052,0.248,0.068,0.0,0.07,7.48,0.9519,0.7263,0.8182,0.8496,0.7933,0.7718,0.7933
satellite,Q-G-CTGAN_adaptive_MMDon,RF,adaptive,adaptive,True,2,5438,12.41,False,3625,3625,0.5,0.0,0.146623,0.14798,0.56,19.052,0.248,0.069,2.208,2.28,0.4,0.9437,0.6729,0.7651,0.7865,0.7475,0.715,0.7475
satellite,Q-G-CTGAN_adaptive_MMDon,LGBM,adaptive,adaptive,True,2,5438,12.41,False,3625,3625,0.5,0.0,0.146623,0.14798,0.56,19.052,0.248,0.069,2.208,2.28,0.11,0.9527,0.7046,0.7935,0.827,0.7678,0.7396,0.7678
satellite,Q-G-CTGAN_adaptive_MMDon,MLP,adaptive,adaptive,True,2,5438,12.41,False,3625,3625,0.5,0.0,0.146623,0.14798,0.56,19.052,0.248,0.069,2.208,2.28,5.63,0.9561,0.7401,0.8194,0.8194,0.8194,0.8064,0.8194
satellite,Q-G-CTGAN_adaptive_MMDoff,RF,adaptive,adaptive,False,2,5438,12.41,False,3625,3625,0.5,0.0,0.146623,0.21255,0.56,19.052,0.248,0.065,0.0,0.07,0.37,0.9482,0.687,0.774,0.8053,0.7501,0.7169,0.7501
satellite,Q-G-CTGAN_adaptive_MMDoff,LGBM,adaptive,adaptive,False,2,5438,12.41,False,3625,3625,0.5,0.0,0.146623,0.21255,0.56,19.052,0.248,0.065,0.0,0.07,0.11,0.955,0.7204,0.8001,0.8378,0.7717,0.744,0.7717
satellite,Q-G-CTGAN_adaptive_MMDoff,MLP,adaptive,adaptive,False,2,5438,12.41,False,3625,3625,0.5,0.0,0.146623,0.21255,0.56,19.052,0.248,0.065,0.0,0.07,5.67,0.955,0.7664,0.8293,0.8395,0.8199,0.8058,0.8199
churn,Q-G-CTGAN_a0.1_MMDon,RF,fixed,0.1,True,6,3764,7.61,False,2510,2510,0.5,0.0,0.079542,0.062323,0.6,27.325,0.934,0.13,0.44,0.57,0.31,0.9257,0.8724,0.868,0.9538,0.8165,0.7964,0.8165
churn,Q-G-CTGAN_a0.1_MMDon,LGBM,fixed,0.1,True,6,3764,7.61,False,2510,2510,0.5,0.0,0.079542,0.062323,0.6,27.325,0.934,0.13,0.44,0.57,0.08,0.9287,0.8971,0.9177,0.9615,0.8841,0.8771,0.8841
churn,Q-G-CTGAN_a0.1_MMDon,MLP,fixed,0.1,True,6,3764,7.61,False,2510,2510,0.5,0.0,0.079542,0.062323,0.6,27.325,0.934,0.13,0.44,0.57,4.67,0.9002,0.7946,0.8427,0.858,0.8292,0.818,0.8292
churn,Q-G-CTGAN_a0.1_MMDoff,RF,fixed,0.1,False,6,3764,7.61,False,2510,2510,0.5,0.0,0.079542,0.125251,0.6,27.325,0.934,0.131,0.0,0.13,0.31,0.9219,0.8703,0.8693,0.948,0.8204,0.8017,0.8204
churn,Q-G-CTGAN_a0.1_MMDoff,LGBM,fixed,0.1,False,6,3764,7.61,False,2510,2510,0.5,0.0,0.079542,0.125251,0.6,27.325,0.934,0.131,0.0,0.13,0.08,0.932,0.8978,0.9151,0.9559,0.8833,0.8765,0.8833
churn,Q-G-CTGAN_a0.1_MMDoff,MLP,fixed,0.1,False,6,3764,7.61,False,2510,2510,0.5,0.0,0.079542,0.125251,0.6,27.325,0.934,0.131,0.0,0.13,4.32,0.9109,0.7977,0.8552,0.8766,0.8371,0.8262,0.8371
churn,Q-G-CTGAN_a0.2_MMDon,RF,fixed,0.2,True,6,3764,7.61,False,2510,2510,0.5,0.0,0.079542,0.06926,0.6,27.325,0.934,0.127,0.355,0.48,0.27,0.9211,0.8767,0.8744,0.9524,0.8255,0.8078,0.8255
churn,Q-G-CTGAN_a0.2_MMDon,LGBM,fixed,0.2,True,6,3764,7.61,False,2510,2510,0.5,0.0,0.079542,0.06926,0.6,27.325,0.934,0.127,0.355,0.48,0.08,0.9277,0.8959,0.9116,0.9457,0.8841,0.8778,0.8841
churn,Q-G-CTGAN_a0.2_MMDon,MLP,fixed,0.2,True,6,3764,7.61,False,2510,2510,0.5,0.0,0.079542,0.06926,0.6,27.325,0.934,0.127,0.355,0.48,4.58,0.9063,0.7998,0.8467,0.8756,0.8237,0.8101,0.8237
churn,Q-G-CTGAN_a0.2_MMDoff,RF,fixed,0.2,False,6,3764,7.61,False,2510,2510,0.5,0.0,0.079542,0.107306,0.6,27.325,0.934,0.124,0.0,0.12,0.29,0.9232,0.8731,0.8635,0.9465,0.8133,0.7929,0.8133
churn,Q-G-CTGAN_a0.2_MMDoff,LGBM,fixed,0.2,False,6,3764,7.61,False,2510,2510,0.5,0.0,0.079542,0.107306,0.6,27.325,0.934,0.124,0.0,0.12,0.1,0.93,0.8983,0.9158,0.9515,0.8872,0.8811,0.8872
churn,Q-G-CTGAN_a0.2_MMDoff,MLP,fixed,0.2,False,6,3764,7.61,False,2510,2510,0.5,0.0,0.079542,0.107306,0.6,27.325,0.934,0.124,0.0,0.12,4.08,0.9016,0.7853,0.8539,0.8792,0.8331,0.8213,0.8331
churn,Q-G-CTGAN_a0.3_MMDon,RF,fixed,0.3,True,6,3764,7.61,False,2510,2510,0.5,0.0,0.079542,0.079089,0.6,27.325,0.934,0.123,0.306,0.43,0.31,0.9204,0.8742,0.8725,0.9519,0.8231,0.8049,0.8231
churn,Q-G-CTGAN_a0.3_MMDon,LGBM,fixed,0.3,True,6,3764,7.61,False,2510,2510,0.5,0.0,0.079542,0.079089,0.6,27.325,0.934,0.123,0.306,0.43,0.09,0.9256,0.8926,0.9121,0.9526,0.8806,0.8734,0.8806
churn,Q-G-CTGAN_a0.3_MMDon,MLP,fixed,0.3,True,6,3764,7.61,False,2510,2510,0.5,0.0,0.079542,0.079089,0.6,27.325,0.934,0.123,0.306,0.43,4.72,0.9106,0.7994,0.8536,0.8668,0.8418,0.8325,0.8418
churn,Q-G-CTGAN_a0.3_MMDoff,RF,fixed,0.3,False,6,3764,7.61,False,2510,2510,0.5,0.0,0.079542,0.092793,0.6,27.325,0.934,0.124,0.0,0.12,0.28,0.9237,0.8721,0.8648,0.9499,0.8137,0.7932,0.8137
churn,Q-G-CTGAN_a0.3_MMDoff,LGBM,fixed,0.3,False,6,3764,7.61,False,2510,2510,0.5,0.0,0.079542,0.092793,0.6,27.325,0.934,0.124,0.0,0.12,0.09,0.9224,0.8924,0.9125,0.9505,0.8825,0.8758,0.8825
churn,Q-G-CTGAN_a0.3_MMDoff,MLP,fixed,0.3,False,6,3764,7.61,False,2510,2510,0.5,0.0,0.079542,0.092793,0.6,27.325,0.934,0.124,0.0,0.12,4.24,0.9048,0.7888,0.8474,0.8742,0.8256,0.8126,0.8256
churn,Q-G-CTGAN_adaptive_MMDon,RF,adaptive,adaptive,True,6,3764,7.61,False,2510,2510,0.5,0.0,0.079542,0.074687,0.6,27.325,0.934,0.122,0.323,0.44,0.31,0.9245,0.8745,0.8732,0.9582,0.8216,0.8026,0.8216
churn,Q-G-CTGAN_adaptive_MMDon,LGBM,adaptive,adaptive,True,6,3764,7.61,False,2510,2510,0.5,0.0,0.079542,0.074687,0.6,27.325,0.934,0.122,0.323,0.44,0.08,0.9316,0.8951,0.9151,0.9559,0.8833,0.8765,0.8833
churn,Q-G-CTGAN_adaptive_MMDon,MLP,adaptive,adaptive,True,6,3764,7.61,False,2510,2510,0.5,0.0,0.079542,0.074687,0.6,27.325,0.934,0.122,0.323,0.44,4.62,0.9038,0.7948,0.8506,0.8681,0.8355,0.8249,0.8355
churn,Q-G-CTGAN_adaptive_MMDoff,RF,adaptive,adaptive,False,6,3764,7.61,False,2510,2510,0.5,0.0,0.079542,0.099234,0.6,27.325,0.934,0.123,0.0,0.12,0.28,0.92,0.8698,0.861,0.9398,0.8125,0.7922,0.8125
churn,Q-G-CTGAN_adaptive_MMDoff,LGBM,adaptive,adaptive,False,6,3764,7.61,False,2510,2510,0.5,0.0,0.079542,0.099234,0.6,27.325,0.934,0.123,0.0,0.12,0.08,0.9282,0.8931,0.9147,0.9582,0.8813,0.8741,0.8813
churn,Q-G-CTGAN_adaptive_MMDoff,MLP,adaptive,adaptive,False,6,3764,7.61,False,2510,2510,0.5,0.0,0.079542,0.099234,0.6,27.325,0.934,0.123,0.0,0.12,4.3,0.8981,0.7829,0.8465,0.8674,0.8288,0.8169,0.8288
secom,Q-G-CTGAN_a0.1_MMDon,RF,fixed,0.1,True,2,1425,19.52,False,950,950,0.5,0.0,0.075745,0.076206,4.909,141.051,3.023,0.543,2.122,2.67,0.32,0.7825,0.1816,0.483,0.4671,0.5,0.0,0.5
secom,Q-G-CTGAN_a0.1_MMDon,LGBM,fixed,0.1,True,2,1425,19.52,False,950,950,0.5,0.0,0.075745,0.076206,4.909,141.051,3.023,0.543,2.122,2.67,0.5,0.7949,0.2515,0.483,0.4671,0.5,0.0,0.5
secom,Q-G-CTGAN_a0.1_MMDon,MLP,fixed,0.1,True,2,1425,19.52,False,950,950,0.5,0.0,0.075745,0.076206,4.909,141.051,3.023,0.543,2.122,2.67,0.79,0.6362,0.1461,0.5282,0.5685,0.5232,0.2517,0.5232
secom,Q-G-CTGAN_a0.1_MMDoff,RF,fixed,0.1,False,2,1425,19.52,False,950,950,0.5,0.0,0.075745,0.071087,4.909,141.051,3.023,0.567,0.001,0.57,0.33,0.7735,0.2046,0.483,0.4671,0.5,0.0,0.5
secom,Q-G-CTGAN_a0.1_MMDoff,LGBM,fixed,0.1,False,2,1425,19.52,False,950,950,0.5,0.0,0.075745,0.071087,4.909,141.051,3.023,0.567,0.001,0.57,0.49,0.7817,0.248,0.483,0.4671,0.5,0.0,0.5
secom,Q-G-CTGAN_a0.1_MMDoff,MLP,fixed,0.1,False,2,1425,19.52,False,950,950,0.5,0.0,0.075745,0.071087,4.909,141.051,3.023,0.567,0.001,0.57,0.79,0.6365,0.1483,0.5282,0.5685,0.5232,0.2517,0.5232
secom,Q-G-CTGAN_a0.2_MMDon,RF,fixed,0.2,True,2,1425,19.52,False,950,950,0.5,0.0,0.075745,0.078532,4.909,141.051,3.023,0.555,1.713,2.27,0.31,0.7676,0.1779,0.483,0.4671,0.5,0.0,0.5
secom,Q-G-CTGAN_a0.2_MMDon,LGBM,fixed,0.2,True,2,1425,19.52,False,950,950,0.5,0.0,0.075745,0.078532,4.909,141.051,3.023,0.555,1.713,2.27,0.52,0.7617,0.2271,0.483,0.4671,0.5,0.0,0.5
secom,Q-G-CTGAN_a0.2_MMDon,MLP,fixed,0.2,True,2,1425,19.52,False,950,950,0.5,0.0,0.075745,0.078532,4.909,141.051,3.023,0.555,1.713,2.27,0.79,0.6315,0.1452,0.5248,0.5517,0.5209,0.2511,0.5209
secom,Q-G-CTGAN_a0.2_MMDoff,RF,fixed,0.2,False,2,1425,19.52,False,950,950,0.5,0.0,0.075745,0.073217,4.909,141.051,3.023,0.591,0.001,0.59,0.34,0.8037,0.2057,0.483,0.4671,0.5,0.0,0.5
secom,Q-G-CTGAN_a0.2_MMDoff,LGBM,fixed,0.2,False,2,1425,19.52,False,950,950,0.5,0.0,0.075745,0.073217,4.909,141.051,3.023,0.591,0.001,0.59,0.46,0.8039,0.2344,0.483,0.4671,0.5,0.0,0.5
secom,Q-G-CTGAN_a0.2_MMDoff,MLP,fixed,0.2,False,2,1425,19.52,False,950,950,0.5,0.0,0.075745,0.073217,4.909,141.051,3.023,0.591,0.001,0.59,0.84,0.635,0.1451,0.5265,0.5594,0.522,0.2514,0.522
secom,Q-G-CTGAN_a0.3_MMDon,RF,fixed,0.3,True,2,1425,19.52,False,950,950,0.5,0.0,0.075745,0.078653,4.909,141.051,3.023,0.536,1.345,1.88,0.32,0.7639,0.1698,0.483,0.4671,0.5,0.0,0.5
secom,Q-G-CTGAN_a0.3_MMDon,LGBM,fixed,0.3,True,2,1425,19.52,False,950,950,0.5,0.0,0.075745,0.078653,4.909,141.051,3.023,0.536,1.345,1.88,0.51,0.8176,0.2283,0.483,0.4671,0.5,0.0,0.5
secom,Q-G-CTGAN_a0.3_MMDon,MLP,fixed,0.3,True,2,1425,19.52,False,950,950,0.5,0.0,0.075745,0.078653,4.909,141.051,3.023,0.536,1.345,1.88,0.82,0.6375,0.1486,0.5282,0.5685,0.5232,0.2517,0.5232
secom,Q-G-CTGAN_a0.3_MMDoff,RF,fixed,0.3,False,2,1425,19.52,False,950,950,0.5,0.0,0.075745,0.077898,4.909,141.051,3.023,0.587,0.001,0.59,0.32,0.792,0.1925,0.483,0.4671,0.5,0.0,0.5
secom,Q-G-CTGAN_a0.3_MMDoff,LGBM,fixed,0.3,False,2,1425,19.52,False,950,950,0.5,0.0,0.075745,0.077898,4.909,141.051,3.023,0.587,0.001,0.59,0.51,0.8005,0.2401,0.483,0.4671,0.5,0.0,0.5
secom,Q-G-CTGAN_a0.3_MMDoff,MLP,fixed,0.3,False,2,1425,19.52,False,950,950,0.5,0.0,0.075745,0.077898,4.909,141.051,3.023,0.587,0.001,0.59,0.8,0.6419,0.1296,0.5265,0.5594,0.522,0.2514,0.522
secom,Q-G-CTGAN_adaptive_MMDon,RF,adaptive,adaptive,True,2,1425,19.52,False,950,950,0.5,0.0,0.075745,0.073848,4.909,141.051,3.023,0.455,1.574,2.03,0.32,0.7696,0.2035,0.483,0.4671,0.5,0.0,0.5
secom,Q-G-CTGAN_adaptive_MMDon,LGBM,adaptive,adaptive,True,2,1425,19.52,False,950,950,0.5,0.0,0.075745,0.073848,4.909,141.051,3.023,0.455,1.574,2.03,0.5,0.8005,0.2387,0.483,0.4671,0.5,0.0,0.5
secom,Q-G-CTGAN_adaptive_MMDon,MLP,adaptive,adaptive,True,2,1425,19.52,False,950,950,0.5,0.0,0.075745,0.073848,4.909,141.051,3.023,0.455,1.574,2.03,0.79,0.6386,0.1463,0.5265,0.5594,0.522,0.2514,0.522
secom,Q-G-CTGAN_adaptive_MMDoff,RF,adaptive,adaptive,False,2,1425,19.52,False,950,950,0.5,0.0,0.075745,0.071228,4.909,141.051,3.023,0.499,0.001,0.5,0.32,0.7559,0.1826,0.483,0.4671,0.5,0.0,0.5
secom,Q-G-CTGAN_adaptive_MMDoff,LGBM,adaptive,adaptive,False,2,1425,19.52,False,950,950,0.5,0.0,0.075745,0.071228,4.909,141.051,3.023,0.499,0.001,0.5,0.49,0.7935,0.253,0.483,0.4671,0.5,0.0,0.5
secom,Q-G-CTGAN_adaptive_MMDoff,MLP,adaptive,adaptive,False,2,1425,19.52,False,950,950,0.5,0.0,0.075745,0.071228,4.909,141.051,3.023,0.499,0.001,0.5,0.77,0.6328,0.1449,0.5282,0.5685,0.5232,0.2517,0.5232
thyroid_sick,Q-G-CTGAN_a0.1_MMDon,RF,fixed,0.1,True,2,3453,21.44,False,2316,2316,0.5,0.0,0.069092,0.117644,0.24,8.044,0.191,0.034,1.394,1.43,0.25,0.9946,0.9437,0.916,0.9575,0.8822,0.8748,0.8822
thyroid_sick,Q-G-CTGAN_a0.1_MMDon,LGBM,fixed,0.1,True,2,3453,21.44,False,2316,2316,0.5,0.0,0.069092,0.117644,0.24,8.044,0.191,0.034,1.394,1.43,0.09,0.9979,0.9662,0.9502,0.9472,0.9532,0.9524,0.9532
thyroid_sick,Q-G-CTGAN_a0.1_MMDon,MLP,fixed,0.1,True,2,3453,21.44,False,2316,2316,0.5,0.0,0.069092,0.117644,0.24,8.044,0.191,0.034,1.394,1.43,2.35,0.974,0.812,0.8659,0.8634,0.8683,0.8607,0.8683
thyroid_sick,Q-G-CTGAN_a0.1_MMDoff,RF,fixed,0.1,False,2,3453,21.44,False,2316,2316,0.5,0.0,0.069092,0.0766,0.24,8.044,0.191,0.028,0.001,0.03,0.25,0.9932,0.9374,0.8874,0.9431,0.8455,0.8321,0.8455
thyroid_sick,Q-G-CTGAN_a0.1_MMDoff,LGBM,fixed,0.1,False,2,3453,21.44,False,2316,2316,0.5,0.0,0.069092,0.0766,0.24,8.044,0.191,0.028,0.001,0.03,0.09,0.9977,0.9638,0.946,0.946,0.946,0.9448,0.946
thyroid_sick,Q-G-CTGAN_a0.1_MMDoff,MLP,fixed,0.1,False,2,3453,21.44,False,2316,2316,0.5,0.0,0.069092,0.0766,0.24,8.044,0.191,0.028,0.001,0.03,2.92,0.9702,0.7998,0.8682,0.8817,0.8557,0.8456,0.8557
thyroid_sick,Q-G-CTGAN_a0.2_MMDon,RF,fixed,0.2,True,2,3453,21.44,False,2316,2316,0.5,0.0,0.069092,0.108842,0.24,8.044,0.191,0.034,1.159,1.19,0.25,0.9947,0.945,0.9076,0.9482,0.8745,0.8661,0.8745
thyroid_sick,Q-G-CTGAN_a0.2_MMDon,LGBM,fixed,0.2,True,2,3453,21.44,False,2316,2316,0.5,0.0,0.069092,0.108842,0.24,8.044,0.191,0.034,1.159,1.19,0.09,0.9981,0.9723,0.9502,0.9472,0.9532,0.9524,0.9532
thyroid_sick,Q-G-CTGAN_a0.2_MMDon,MLP,fixed,0.2,True,2,3453,21.44,False,2316,2316,0.5,0.0,0.069092,0.108842,0.24,8.044,0.191,0.034,1.159,1.19,3.42,0.9762,0.8335,0.8825,0.9029,0.8644,0.8553,0.8644
thyroid_sick,Q-G-CTGAN_a0.2_MMDoff,RF,fixed,0.2,False,2,3453,21.44,False,2316,2316,0.5,0.0,0.069092,0.083205,0.24,8.044,0.191,0.025,0.0,0.03,0.26,0.9946,0.9372,0.9089,0.9417,0.8812,0.8739,0.8812
thyroid_sick,Q-G-CTGAN_a0.2_MMDoff,LGBM,fixed,0.2,False,2,3453,21.44,False,2316,2316,0.5,0.0,0.069092,0.083205,0.24,8.044,0.191,0.025,0.0,0.03,0.11,0.9981,0.9708,0.946,0.946,0.946,0.9448,0.946
thyroid_sick,Q-G-CTGAN_a0.2_MMDoff,MLP,fixed,0.2,False,2,3453,21.44,False,2316,2316,0.5,0.0,0.069092,0.083205,0.24,8.044,0.191,0.025,0.0,0.03,3.27,0.9684,0.7759,0.8613,0.8836,0.8417,0.8289,0.8417
thyroid_sick,Q-G-CTGAN_a0.3_MMDon,RF,fixed,0.3,True,2,3453,21.44,False,2316,2316,0.5,0.0,0.069092,0.100854,0.24,8.044,0.191,0.026,0.381,0.41,0.28,0.9943,0.9422,0.9172,0.9506,0.889,0.8826,0.889
thyroid_sick,Q-G-CTGAN_a0.3_MMDon,LGBM,fixed,0.3,True,2,3453,21.44,False,2316,2316,0.5,0.0,0.069092,0.100854,0.24,8.044,0.191,0.026,0.381,0.41,0.09,0.998,0.97,0.946,0.946,0.946,0.9448,0.946
thyroid_sick,Q-G-CTGAN_a0.3_MMDon,MLP,fixed,0.3,True,2,3453,21.44,False,2316,2316,0.5,0.0,0.069092,0.100854,0.24,8.044,0.191,0.026,0.381,0.41,2.38,0.9737,0.7948,0.8592,0.8642,0.8543,0.8444,0.8543
thyroid_sick,Q-G-CTGAN_a0.3_MMDoff,RF,fixed,0.3,False,2,3453,21.44,False,2316,2316,0.5,0.0,0.069092,0.090158,0.24,8.044,0.191,0.032,0.0,0.03,0.27,0.9932,0.9361,0.8909,0.9518,0.8459,0.8325,0.8459
thyroid_sick,Q-G-CTGAN_a0.3_MMDoff,LGBM,fixed,0.3,False,2,3453,21.44,False,2316,2316,0.5,0.0,0.069092,0.090158,0.24,8.044,0.191,0.032,0.0,0.03,0.1,0.9982,0.9737,0.9578,0.9548,0.9609,0.9604,0.9609
thyroid_sick,Q-G-CTGAN_a0.3_MMDoff,MLP,fixed,0.3,False,2,3453,21.44,False,2316,2316,0.5,0.0,0.069092,0.090158,0.24,8.044,0.191,0.032,0.0,0.03,3.05,0.9689,0.789,0.8441,0.8936,0.8069,0.7857,0.8069
thyroid_sick,Q-G-CTGAN_adaptive_MMDon,RF,adaptive,adaptive,True,2,3453,21.44,False,2316,2316,0.5,0.0,0.069092,0.100854,0.24,8.044,0.191,0.027,0.38,0.41,0.26,0.9943,0.9422,0.9172,0.9506,0.889,0.8826,0.889
thyroid_sick,Q-G-CTGAN_adaptive_MMDon,LGBM,adaptive,adaptive,True,2,3453,21.44,False,2316,2316,0.5,0.0,0.069092,0.100854,0.24,8.044,0.191,0.027,0.38,0.41,0.09,0.998,0.97,0.946,0.946,0.946,0.9448,0.946
thyroid_sick,Q-G-CTGAN_adaptive_MMDon,MLP,adaptive,adaptive,True,2,3453,21.44,False,2316,2316,0.5,0.0,0.069092,0.100854,0.24,8.044,0.191,0.027,0.38,0.41,2.3,0.9737,0.7948,0.8592,0.8642,0.8543,0.8444,0.8543
thyroid_sick,Q-G-CTGAN_adaptive_MMDoff,RF,adaptive,adaptive,False,2,3453,21.44,False,2316,2316,0.5,0.0,0.069092,0.090158,0.24,8.044,0.191,0.025,0.0,0.03,0.24,0.9932,0.9361,0.8909,0.9518,0.8459,0.8325,0.8459
thyroid_sick,Q-G-CTGAN_adaptive_MMDoff,LGBM,adaptive,adaptive,False,2,3453,21.44,False,2316,2316,0.5,0.0,0.069092,0.090158,0.24,8.044,0.191,0.025,0.0,0.03,0.1,0.9982,0.9737,0.9578,0.9548,0.9609,0.9604,0.9609
thyroid_sick,Q-G-CTGAN_adaptive_MMDoff,MLP,adaptive,adaptive,False,2,3453,21.44,False,2316,2316,0.5,0.0,0.069092,0.090158,0.24,8.044,0.191,0.025,0.0,0.03,2.96,0.9689,0.789,0.8441,0.8936,0.8069,0.7857,0.8069
unsw_nb15,Q-G-CTGAN_a0.3_MMDon,RF,fixed,0.3,True,7,61100,50.0,True,120294,42770,0.2658,0.2342,0.109161,0.129306,1.14,195.051,17.278,4.119,0.011,4.14,5.94,0.9053,0.1328,0.4975,0.495,0.5,0.0,0.5
unsw_nb15,Q-G-CTGAN_a0.3_MMDon,LGBM,fixed,0.3,True,7,61100,50.0,True,120294,42770,0.2658,0.2342,0.109161,0.129306,1.14,195.051,17.278,4.119,0.011,4.14,2.52,0.9231,0.1654,0.5897,0.9241,0.5514,0.321,0.5514
unsw_nb15,Q-G-CTGAN_a0.3_MMDon,MLP,fixed,0.3,True,7,61100,50.0,True,120294,42770,0.2658,0.2342,0.109161,0.129306,1.14,195.051,17.278,4.119,0.011,4.14,132.61,0.8986,0.0693,0.5168,0.623,0.5102,0.1448,0.5102
unsw_nb15,Q-G-CTGAN_a0.3_MMDoff,RF,fixed,0.3,False,7,61100,50.0,True,120294,42770,0.2658,0.2342,0.109161,0.129306,1.14,195.051,17.278,4.131,0.012,4.15,5.89,0.9053,0.1328,0.4975,0.495,0.5,0.0,0.5
unsw_nb15,Q-G-CTGAN_a0.3_MMDoff,LGBM,fixed,0.3,False,7,61100,50.0,True,120294,42770,0.2658,0.2342,0.109161,0.129306,1.14,195.051,17.278,4.131,0.012,4.15,2.41,0.9231,0.1654,0.5897,0.9241,0.5514,0.321,0.5514
unsw_nb15,Q-G-CTGAN_a0.3_MMDoff,MLP,fixed,0.3,False,7,61100,50.0,True,120294,42770,0.2658,0.2342,0.109161,0.129306,1.14,195.051,17.278,4.131,0.012,4.15,132.98,0.8986,0.0693,0.5168,0.623,0.5102,0.1448,0.5102
unsw_nb15,Q-G-CTGAN_adaptive_MMDon,RF,adaptive,adaptive,True,7,61100,50.0,True,120294,45827,0.2791,0.2209,0.109161,0.1229,1.14,195.051,17.278,3.863,0.01,3.89,6.02,0.9052,0.1321,0.4975,0.495,0.5,0.0,0.5
unsw_nb15,Q-G-CTGAN_adaptive_MMDon,LGBM,adaptive,adaptive,True,7,61100,50.0,True,120294,45827,0.2791,0.2209,0.109161,0.1229,1.14,195.051,17.278,3.863,0.01,3.89,2.39,0.9233,0.1659,0.5881,0.9229,0.5505,0.318,0.5505
unsw_nb15,Q-G-CTGAN_adaptive_MMDon,MLP,adaptive,adaptive,True,7,61100,50.0,True,120294,45827,0.2791,0.2209,0.109161,0.1229,1.14,195.051,17.278,3.863,0.01,3.89,115.15,0.8938,0.0921,0.5553,0.7114,0.533,0.2583,0.533
unsw_nb15,Q-G-CTGAN_adaptive_MMDoff,RF,adaptive,adaptive,False,7,61100,50.0,True,120294,45827,0.2791,0.2209,0.109161,0.1229,1.14,195.051,17.278,4.083,0.012,4.11,6.11,0.9052,0.1321,0.4975,0.495,0.5,0.0,0.5
unsw_nb15,Q-G-CTGAN_adaptive_MMDoff,LGBM,adaptive,adaptive,False,7,61100,50.0,True,120294,45827,0.2791,0.2209,0.109161,0.1229,1.14,195.051,17.278,4.083,0.012,4.11,2.44,0.9233,0.1659,0.5881,0.9229,0.5505,0.318,0.5505
unsw_nb15,Q-G-CTGAN_adaptive_MMDoff,MLP,adaptive,adaptive,False,7,61100,50.0,True,120294,45827,0.2791,0.2209,0.109161,0.1229,1.14,195.051,17.278,4.083,0.012,4.11,115.06,0.8938,0.0921,0.5553,0.7114,0.533,0.2583,0.533
unsw_nb15,Q-G-CTGAN_a0.1_MMDon,RF,fixed,0.1,True,7,61100,50.0,True,120294,54990,0.3163,0.1837,0.107225,0.110053,1.228,372.801,34.218,3.966,0.012,4.0,6.6,0.9042,0.1249,0.4975,0.495,0.5,0.0,0.5
unsw_nb15,Q-G-CTGAN_a0.1_MMDon,LGBM,fixed,0.1,True,7,61100,50.0,True,120294,54990,0.3163,0.1837,0.107225,0.110053,1.228,372.801,34.218,3.966,0.012,4.0,2.13,0.9256,0.173,0.5894,0.9109,0.5514,0.321,0.5514
unsw_nb15,Q-G-CTGAN_a0.1_MMDon,MLP,fixed,0.1,True,7,61100,50.0,True,120294,54990,0.3163,0.1837,0.107225,0.110053,1.228,372.801,34.218,3.966,0.012,4.0,81.01,0.9,0.0806,0.5285,0.6588,0.5168,0.1853,0.5168
unsw_nb15,Q-G-CTGAN_a0.1_MMDoff,RF,fixed,0.1,False,7,61100,50.0,True,120294,54990,0.3163,0.1837,0.107225,0.110053,1.228,372.801,34.218,3.998,0.016,4.03,6.72,0.9042,0.1249,0.4975,0.495,0.5,0.0,0.5
unsw_nb15,Q-G-CTGAN_a0.1_MMDoff,LGBM,fixed,0.1,False,7,61100,50.0,True,120294,54990,0.3163,0.1837,0.107225,0.110053,1.228,372.801,34.218,3.998,0.016,4.03,2.13,0.9256,0.173,0.5894,0.9109,0.5514,0.321,0.5514
unsw_nb15,Q-G-CTGAN_a0.1_MMDoff,MLP,fixed,0.1,False,7,61100,50.0,True,120294,54990,0.3163,0.1837,0.107225,0.110053,1.228,372.801,34.218,3.998,0.016,4.03,81.06,0.9,0.0806,0.5285,0.6588,0.5168,0.1853,0.5168
unsw_nb15,Q-G-CTGAN_a0.2_MMDon,RF,fixed,0.2,True,7,61100,50.0,True,120294,48880,0.2919,0.2081,0.107225,0.109495,1.228,372.801,34.218,3.906,0.012,3.93,6.31,0.9054,0.1278,0.4975,0.495,0.5,0.0,0.5
unsw_nb15,Q-G-CTGAN_a0.2_MMDon,LGBM,fixed,0.2,True,7,61100,50.0,True,120294,48880,0.2919,0.2081,0.107225,0.109495,1.228,372.801,34.218,3.906,0.012,3.93,2.6,0.9252,0.1765,0.5895,0.9174,0.5514,0.321,0.5514
unsw_nb15,Q-G-CTGAN_a0.2_MMDon,MLP,fixed,0.2,True,7,61100,50.0,True,120294,48880,0.2919,0.2081,0.107225,0.109495,1.228,372.801,34.218,3.906,0.012,3.93,147.68,0.8978,0.0932,0.5432,0.6998,0.5254,0.2269,0.5254
unsw_nb15,Q-G-CTGAN_a0.2_MMDoff,RF,fixed,0.2,False,7,61100,50.0,True,120294,48880,0.2919,0.2081,0.107225,0.109495,1.228,372.801,34.218,3.944,0.011,3.97,6.44,0.9054,0.1278,0.4975,0.495,0.5,0.0,0.5
unsw_nb15,Q-G-CTGAN_a0.2_MMDoff,LGBM,fixed,0.2,False,7,61100,50.0,True,120294,48880,0.2919,0.2081,0.107225,0.109495,1.228,372.801,34.218,3.944,0.011,3.97,2.45,0.9252,0.1765,0.5895,0.9174,0.5514,0.321,0.5514
unsw_nb15,Q-G-CTGAN_a0.2_MMDoff,MLP,fixed,0.2,False,7,61100,50.0,True,120294,48880,0.2919,0.2081,0.107225,0.109495,1.228,372.801,34.218,3.944,0.011,3.97,148.47,0.8978,0.0932,0.5432,0.6998,0.5254,0.2269,0.5254
