dataset,method,classifier,AUC,PR_AUC,F1,Precision,Recall,G_mean,Balanced_Acc,generation_time,train_time,method_group
credit_default,None,RF,0.7791,0.5544,0.7023,0.6957,0.7106,0.6972,0.7106,,,non_generative
credit_default,None,LGBM,0.7836,0.56,0.6847,0.759,0.6593,0.5917,0.6593,,,non_generative
credit_default,None,MLP,0.694,0.41,0.6373,0.6474,0.6309,0.5844,0.6309,,,non_generative
credit_default,SMOTE,RF,0.7746,0.5508,0.6984,0.6915,0.7073,0.6939,0.7073,,,non_generative
credit_default,SMOTE,LGBM,0.7731,0.547,0.6991,0.7206,0.6853,0.6486,0.6853,,,non_generative
credit_default,SMOTE,MLP,0.6804,0.394,0.6173,0.6115,0.632,0.6159,0.632,,,non_generative
credit_default,ADASYN,RF,0.771,0.5469,0.6853,0.6745,0.7063,0.6991,0.7063,,,non_generative
credit_default,ADASYN,LGBM,0.7703,0.5439,0.6971,0.7213,0.6823,0.6433,0.6823,,,non_generative
credit_default,ADASYN,MLP,0.676,0.3773,0.6077,0.604,0.6271,0.6136,0.6271,,,non_generative
credit_default,G-SMOTE,RF,0.7673,0.5455,0.6847,0.7546,0.6598,0.5939,0.6598,,,non_generative
credit_default,G-SMOTE,LGBM,0.7835,0.5565,0.6819,0.7589,0.6565,0.5866,0.6565,,,non_generative
credit_default,G-SMOTE,MLP,0.6957,0.3997,0.6293,0.6339,0.629,0.5911,0.629,,,non_generative
fraud_detection,None,RF,0.9801,0.8341,0.918,0.9293,0.9074,0.9025,0.9074,,,non_generative
fraud_detection,None,LGBM,0.8591,0.5147,0.7828,0.7364,0.86,0.8487,0.86,,,non_generative
fraud_detection,None,MLP,0.9605,0.8317,0.9191,0.9466,0.8952,0.889,0.8952,,,non_generative
fraud_detection,SMOTE,RF,0.9844,0.8224,0.8155,0.7508,0.9271,0.9242,0.9271,,,non_generative
fraud_detection,SMOTE,LGBM,0.9797,0.7608,0.715,0.643,0.9391,0.9373,0.9391,,,non_generative
fraud_detection,SMOTE,MLP,0.9611,0.8281,0.8991,0.8878,0.9134,0.9092,0.9134,,,non_generative
fraud_detection,ADASYN,RF,0.9816,0.7676,0.5973,0.5568,0.9339,0.9323,0.9339,,,non_generative
fraud_detection,ADASYN,LGBM,0.9785,0.7503,0.6188,0.5703,0.9403,0.9389,0.9403,,,non_generative
fraud_detection,ADASYN,MLP,0.9606,0.812,0.8861,0.8713,0.9042,0.8988,0.9042,,,non_generative
fraud_detection,G-SMOTE,RF,0.9843,0.8441,0.7224,0.6494,0.9403,0.9385,0.9403,,,non_generative
fraud_detection,G-SMOTE,LGBM,0.9788,0.7363,0.6402,0.5846,0.9403,0.9388,0.9403,,,non_generative
fraud_detection,G-SMOTE,MLP,0.9735,0.8317,0.8502,0.7993,0.9263,0.9234,0.9263,,,non_generative
pima_diabetes,None,RF,0.8296,0.698,0.7475,0.7458,0.7518,0.7497,0.7518,,,non_generative
pima_diabetes,None,LGBM,0.8052,0.6646,0.7084,0.7149,0.7048,0.6939,0.7048,,,non_generative
pima_diabetes,None,MLP,0.7667,0.609,0.6901,0.6926,0.6881,0.6791,0.6881,,,non_generative
pima_diabetes,SMOTE,RF,0.8225,0.6797,0.7415,0.7387,0.7525,0.7517,0.7525,,,non_generative
pima_diabetes,SMOTE,LGBM,0.807,0.6589,0.7283,0.7258,0.7333,0.7311,0.7333,,,non_generative
pima_diabetes,SMOTE,MLP,0.7516,0.6027,0.6857,0.6854,0.6872,0.6817,0.6872,,,non_generative
pima_diabetes,ADASYN,RF,0.8199,0.6802,0.7434,0.7413,0.7601,0.7592,0.7601,,,non_generative
pima_diabetes,ADASYN,LGBM,0.8017,0.6573,0.714,0.7124,0.7206,0.7178,0.7206,,,non_generative
pima_diabetes,ADASYN,MLP,0.7475,0.598,0.6757,0.6756,0.6768,0.6709,0.6768,,,non_generative
pima_diabetes,G-SMOTE,RF,0.8271,0.7054,0.7454,0.7441,0.7588,0.7573,0.7588,,,non_generative
pima_diabetes,G-SMOTE,LGBM,0.8043,0.6666,0.7213,0.7189,0.7249,0.7218,0.7249,,,non_generative
pima_diabetes,G-SMOTE,MLP,0.7554,0.6104,0.6708,0.6685,0.6788,0.6776,0.6788,,,non_generative
ibm_attrition,None,RF,0.8026,0.5493,0.6561,0.766,0.6259,0.5228,0.6259,,,non_generative
ibm_attrition,None,LGBM,0.8063,0.5631,0.6698,0.7867,0.6373,0.5361,0.6373,,,non_generative
ibm_attrition,None,MLP,0.7652,0.5107,0.6879,0.7239,0.6691,0.6111,0.6691,,,non_generative
ibm_attrition,SMOTE,RF,0.8151,0.5816,0.6991,0.7956,0.6638,0.5882,0.6638,,,non_generative
ibm_attrition,SMOTE,LGBM,0.7978,0.5579,0.6872,0.7658,0.6578,0.58,0.6578,,,non_generative
ibm_attrition,SMOTE,MLP,0.7551,0.4949,0.6715,0.6906,0.6593,0.6028,0.6593,,,non_generative
ibm_attrition,ADASYN,RF,0.8139,0.5783,0.6837,0.7791,0.6503,0.5674,0.6503,,,non_generative
ibm_attrition,ADASYN,LGBM,0.8027,0.5634,0.6921,0.7689,0.6631,0.5899,0.6631,,,non_generative
ibm_attrition,ADASYN,MLP,0.7602,0.5006,0.6816,0.7,0.6694,0.6196,0.6694,,,non_generative
ibm_attrition,G-SMOTE,RF,0.8039,0.5481,0.5517,0.85,0.5502,0.3211,0.5502,,,non_generative
ibm_attrition,G-SMOTE,LGBM,0.8098,0.5615,0.6601,0.7647,0.6302,0.5296,0.6302,,,non_generative
ibm_attrition,G-SMOTE,MLP,0.7621,0.4958,0.6822,0.6799,0.6848,0.6521,0.6848,,,non_generative
yeast_me2,None,RF,0.9343,0.4459,0.7157,0.7438,0.6987,0.6346,0.6987,,,non_generative
yeast_me2,None,LGBM,0.9325,0.3978,0.6438,0.8019,0.6034,0.4544,0.6034,,,non_generative
yeast_me2,None,MLP,0.8742,0.4248,0.6635,0.6843,0.656,0.5469,0.656,,,non_generative
yeast_me2,SMOTE,RF,0.927,0.4597,0.6826,0.6455,0.7612,0.735,0.7612,,,non_generative
yeast_me2,SMOTE,LGBM,0.9371,0.4457,0.6908,0.6698,0.7303,0.6844,0.7303,,,non_generative
yeast_me2,SMOTE,MLP,0.8727,0.4363,0.6974,0.682,0.7209,0.6707,0.7209,,,non_generative
yeast_me2,ADASYN,RF,0.9262,0.4273,0.6777,0.6397,0.7607,0.7347,0.7607,,,non_generative
yeast_me2,ADASYN,LGBM,0.9321,0.4067,0.6893,0.6597,0.7377,0.6974,0.7377,,,non_generative
yeast_me2,ADASYN,MLP,0.8655,0.3863,0.6968,0.6785,0.7209,0.6707,0.7209,,,non_generative
yeast_me2,G-SMOTE,RF,0.9409,0.4643,0.5987,0.76,0.5656,0.3199,0.5656,,,non_generative
yeast_me2,G-SMOTE,LGBM,0.9447,0.454,0.6596,0.7566,0.6215,0.4871,0.6215,,,non_generative
yeast_me2,G-SMOTE,MLP,0.902,0.4119,0.6871,0.6975,0.692,0.6205,0.692,,,non_generative
mammography,None,RF,0.9419,0.7137,0.8347,0.8443,0.8291,0.8121,0.8291,,,non_generative
mammography,None,LGBM,0.9413,0.7571,0.8418,0.9058,0.7984,0.7722,0.7984,,,non_generative
mammography,None,MLP,0.957,0.7724,0.8434,0.8818,0.8131,0.7915,0.8131,,,non_generative
mammography,SMOTE,RF,0.9463,0.7119,0.7884,0.7324,0.8873,0.8823,0.8873,,,non_generative
mammography,SMOTE,LGBM,0.9303,0.7464,0.7996,0.7462,0.8902,0.8852,0.8902,,,non_generative
mammography,SMOTE,MLP,0.9131,0.6886,0.7622,0.706,0.8717,0.8647,0.8717,,,non_generative
mammography,ADASYN,RF,0.9404,0.6458,0.7537,0.6949,0.8761,0.8704,0.8761,,,non_generative
mammography,ADASYN,LGBM,0.9292,0.6863,0.7637,0.7028,0.8916,0.8879,0.8916,,,non_generative
mammography,ADASYN,MLP,0.9107,0.661,0.7523,0.6935,0.8829,0.8776,0.8829,,,non_generative
mammography,G-SMOTE,RF,0.9309,0.6893,0.7558,0.6999,0.8691,0.8625,0.8691,,,non_generative
mammography,G-SMOTE,LGBM,0.9237,0.6964,0.7905,0.7486,0.8548,0.8448,0.8548,,,non_generative
mammography,G-SMOTE,MLP,0.9333,0.6857,0.7433,0.6792,0.9052,0.9032,0.9052,,,non_generative
abalone_19,None,RF,0.7697,0.0337,0.4978,0.4962,0.4994,0.0,0.4994,,,non_generative
abalone_19,None,LGBM,0.7271,0.0741,0.5231,0.5963,0.5142,0.0756,0.5142,,,non_generative
abalone_19,None,MLP,0.7762,0.0306,0.4968,0.4962,0.4975,0.0,0.4975,,,non_generative
abalone_19,SMOTE,RF,0.7782,0.0432,0.5053,0.5102,0.5929,0.4237,0.5929,,,non_generative
abalone_19,SMOTE,LGBM,0.7812,0.0738,0.5246,0.5183,0.5511,0.311,0.5511,,,non_generative
abalone_19,SMOTE,MLP,0.778,0.031,0.5078,0.5087,0.5075,0.0813,0.5075,,,non_generative
abalone_19,ADASYN,RF,0.7848,0.0357,0.5045,0.5099,0.5923,0.4231,0.5923,,,non_generative
abalone_19,ADASYN,LGBM,0.7364,0.0669,0.5176,0.5136,0.5365,0.2364,0.5365,,,non_generative
abalone_19,ADASYN,MLP,0.7712,0.0256,0.4937,0.4961,0.4913,0.0,0.4913,,,non_generative
abalone_19,G-SMOTE,RF,0.7744,0.0289,0.4981,0.4962,0.5,0.0,0.5,,,non_generative
abalone_19,G-SMOTE,LGBM,0.6957,0.0775,0.523,0.5963,0.514,0.0756,0.514,,,non_generative
abalone_19,G-SMOTE,MLP,0.7761,0.0237,0.4982,0.5024,0.5107,0.1542,0.5107,,,non_generative
wine_quality,None,RF,0.8667,0.3681,0.655,0.7594,0.6161,0.4846,0.6161,,,non_generative
wine_quality,None,LGBM,0.87,0.393,0.6433,0.8261,0.5966,0.4413,0.5966,,,non_generative
wine_quality,None,MLP,0.7762,0.2937,0.6748,0.7275,0.6465,0.5438,0.6465,,,non_generative
wine_quality,SMOTE,RF,0.8563,0.2914,0.6437,0.6113,0.7324,0.7018,0.7324,,,non_generative
wine_quality,SMOTE,LGBM,0.8544,0.2928,0.662,0.635,0.7126,0.6678,0.7126,,,non_generative
wine_quality,SMOTE,MLP,0.7649,0.2964,0.6674,0.6608,0.6795,0.606,0.6795,,,non_generative
wine_quality,ADASYN,RF,0.8517,0.2855,0.6343,0.6033,0.7289,0.7004,0.7289,,,non_generative
wine_quality,ADASYN,LGBM,0.853,0.3024,0.6576,0.6284,0.7159,0.674,0.7159,,,non_generative
wine_quality,ADASYN,MLP,0.7795,0.2835,0.6634,0.658,0.6739,0.6002,0.6739,,,non_generative
wine_quality,G-SMOTE,RF,0.8654,0.346,0.6258,0.595,0.7842,0.7744,0.7842,,,non_generative
wine_quality,G-SMOTE,LGBM,0.8508,0.2755,0.6507,0.6209,0.7119,0.6664,0.7119,,,non_generative
wine_quality,G-SMOTE,MLP,0.7971,0.232,0.6309,0.6026,0.7081,0.6669,0.7081,,,non_generative
ecoli,None,RF,0.9276,0.6573,0.7716,0.7555,0.797,0.7816,0.797,,,non_generative
ecoli,None,LGBM,0.9525,0.7368,0.7528,0.8441,0.7438,0.6771,0.7438,,,non_generative
ecoli,None,MLP,0.9201,0.6157,0.6909,0.7592,0.6784,0.6054,0.6784,,,non_generative
ecoli,SMOTE,RF,0.9368,0.6848,0.7661,0.7448,0.8063,0.7918,0.8063,,,non_generative
ecoli,SMOTE,LGBM,0.9559,0.7719,0.8079,0.7997,0.8322,0.8156,0.8322,,,non_generative
ecoli,SMOTE,MLP,0.9129,0.5859,0.7281,0.7515,0.7305,0.6846,0.7305,,,non_generative
ecoli,ADASYN,RF,0.9411,0.6855,0.7764,0.7496,0.8316,0.8207,0.8316,,,non_generative
ecoli,ADASYN,LGBM,0.9535,0.6957,0.8221,0.8068,0.8591,0.8459,0.8591,,,non_generative
ecoli,ADASYN,MLP,0.911,0.6105,0.7272,0.7409,0.7305,0.6852,0.7305,,,non_generative
ecoli,G-SMOTE,RF,0.9501,0.738,0.759,0.8102,0.7514,0.71,0.7514,,,non_generative
ecoli,G-SMOTE,LGBM,0.9483,0.6625,0.7289,0.7252,0.7388,0.6201,0.7388,,,non_generative
ecoli,G-SMOTE,MLP,0.9126,0.4924,0.7412,0.7336,0.7651,0.7413,0.7651,,,non_generative
pageblocks,None,RF,0.9994,0.9033,0.8772,0.8673,0.8992,0.8866,0.8992,,,non_generative
pageblocks,None,LGBM,0.9943,0.8239,0.911,0.922,0.9129,0.9069,0.9129,,,non_generative
pageblocks,None,MLP,0.999,0.8928,0.8821,0.8795,0.8927,0.8809,0.8927,,,non_generative
pageblocks,SMOTE,RF,0.9993,0.8861,0.8806,0.8475,0.9323,0.9275,0.9323,,,non_generative
pageblocks,SMOTE,LGBM,0.9661,0.8562,0.8631,0.8465,0.8991,0.8864,0.8991,,,non_generative
pageblocks,SMOTE,MLP,0.9983,0.8665,0.9032,0.872,0.9458,0.9433,0.9458,,,non_generative
pageblocks,ADASYN,RF,0.9993,0.8669,0.9076,0.8892,0.9293,0.926,0.9293,,,non_generative
pageblocks,ADASYN,LGBM,0.9662,0.7803,0.8841,0.8806,0.896,0.8849,0.896,,,non_generative
pageblocks,ADASYN,MLP,0.9903,0.8741,0.9077,0.8665,0.9657,0.9643,0.9657,,,non_generative
pageblocks,G-SMOTE,RF,0.9994,0.8673,0.8116,0.7295,0.9969,0.9969,0.9969,,,non_generative
pageblocks,G-SMOTE,LGBM,0.9985,0.7469,0.8497,0.7721,0.9978,0.9978,0.9978,,,non_generative
pageblocks,G-SMOTE,MLP,0.9995,0.8946,0.8905,0.825,0.9985,0.9985,0.9985,,,non_generative
protein_homo,None,RF,0.9923,0.8819,0.9157,0.923,0.9087,0.9042,0.9087,,,non_generative
protein_homo,None,LGBM,0.9935,0.8956,0.9231,0.9737,0.8825,0.8747,0.8825,,,non_generative
protein_homo,None,MLP,0.9916,0.893,0.9265,0.9462,0.9092,0.9048,0.9092,,,non_generative
protein_homo,SMOTE,RF,0.9926,0.8849,0.8461,0.7864,0.9388,0.9371,0.9388,,,non_generative
protein_homo,SMOTE,LGBM,0.9933,0.8784,0.7981,0.7245,0.9495,0.9486,0.9495,,,non_generative
protein_homo,SMOTE,MLP,0.9907,0.8841,0.9164,0.9222,0.911,0.9067,0.911,,,non_generative
protein_homo,ADASYN,RF,0.9913,0.8093,0.7204,0.649,0.9505,0.95,0.9505,,,non_generative
protein_homo,ADASYN,LGBM,0.9928,0.8498,0.7219,0.6498,0.9555,0.9552,0.9555,,,non_generative
protein_homo,ADASYN,MLP,0.991,0.8821,0.9126,0.9093,0.917,0.9134,0.917,,,non_generative
protein_homo,G-SMOTE,RF,0.9732,0.8113,0.8583,0.8323,0.8894,0.8829,0.8894,,,non_generative
protein_homo,G-SMOTE,LGBM,0.9825,0.8217,0.8666,0.8438,0.8934,0.8874,0.8934,,,non_generative
protein_homo,G-SMOTE,MLP,0.9921,0.8947,0.9286,0.9414,0.917,0.9132,0.917,,,non_generative
satellite,None,RF,0.9533,0.7327,0.7876,0.7518,0.8458,0.8415,0.8458,,,non_generative
satellite,None,LGBM,0.9623,0.7842,0.8252,0.8718,0.7918,0.7684,0.7918,,,non_generative
satellite,None,MLP,0.9658,0.8032,0.8478,0.8661,0.8331,0.8205,0.8331,,,non_generative
satellite,SMOTE,RF,0.9569,0.7341,0.7941,0.7568,0.8556,0.8524,0.8556,,,non_generative
satellite,SMOTE,LGBM,0.9634,0.7723,0.8215,0.8031,0.845,0.8374,0.845,,,non_generative
satellite,SMOTE,MLP,0.9649,0.7788,0.8344,0.8408,0.8285,0.8161,0.8285,,,non_generative
satellite,ADASYN,RF,0.9499,0.6771,0.7569,0.7129,0.8674,0.867,0.8674,,,non_generative
satellite,ADASYN,LGBM,0.9604,0.7494,0.8199,0.7927,0.8561,0.8511,0.8561,,,non_generative
satellite,ADASYN,MLP,0.9645,0.771,0.8322,0.8306,0.8349,0.8245,0.8349,,,non_generative
satellite,G-SMOTE,RF,0.9539,0.7372,0.7737,0.7292,0.8697,0.869,0.8697,,,non_generative
satellite,G-SMOTE,LGBM,0.9549,0.7353,0.8015,0.7837,0.8236,0.8137,0.8236,,,non_generative
satellite,G-SMOTE,MLP,0.9575,0.7179,0.814,0.8007,0.831,0.8216,0.831,,,non_generative
churn,None,RF,0.9181,0.8658,0.9037,0.9249,0.8855,0.88,0.8855,,,non_generative
churn,None,LGBM,0.9236,0.8815,0.9099,0.948,0.8802,0.873,0.8802,,,non_generative
churn,None,MLP,0.903,0.8015,0.8535,0.8824,0.8308,0.8181,0.8308,,,non_generative
churn,SMOTE,RF,0.9185,0.8457,0.888,0.891,0.8853,0.8811,0.8853,,,non_generative
churn,SMOTE,LGBM,0.9169,0.869,0.8992,0.9075,0.8918,0.8876,0.8918,,,non_generative
churn,SMOTE,MLP,0.8923,0.7619,0.8228,0.8335,0.8147,0.8019,0.8147,,,non_generative
churn,ADASYN,RF,0.9135,0.8354,0.8822,0.8771,0.8877,0.8844,0.8877,,,non_generative
churn,ADASYN,LGBM,0.9182,0.8674,0.8982,0.907,0.8903,0.8861,0.8903,,,non_generative
churn,ADASYN,MLP,0.8934,0.7583,0.8199,0.8286,0.8132,0.8003,0.8132,,,non_generative
churn,G-SMOTE,RF,0.9154,0.8646,0.8857,0.9388,0.8482,0.8358,0.8482,,,non_generative
churn,G-SMOTE,LGBM,0.9218,0.8778,0.9089,0.9478,0.8788,0.8713,0.8788,,,non_generative
churn,G-SMOTE,MLP,0.8996,0.7935,0.8475,0.8582,0.8388,0.8291,0.8388,,,non_generative
secom,None,RF,0.7265,0.2014,0.4828,0.4669,0.5,0.0,0.5,,,non_generative
secom,None,LGBM,0.7479,0.2173,0.4826,0.4668,0.4997,0.0,0.4997,,,non_generative
secom,None,MLP,0.6711,0.1709,0.5394,0.6017,0.5312,0.2673,0.5312,,,non_generative
secom,SMOTE,RF,0.7161,0.1723,0.5336,0.6101,0.528,0.2287,0.528,,,non_generative
secom,SMOTE,LGBM,0.7067,0.1693,0.5232,0.7297,0.52,0.2184,0.52,,,non_generative
secom,SMOTE,MLP,0.6604,0.1611,0.5365,0.5651,0.53,0.284,0.53,,,non_generative
secom,ADASYN,RF,0.7222,0.1689,0.525,0.5847,0.5222,0.2106,0.5222,,,non_generative
secom,ADASYN,LGBM,0.6898,0.1506,0.5015,0.519,0.5063,0.1308,0.5063,,,non_generative
secom,ADASYN,MLP,0.6585,0.157,0.5359,0.5605,0.5297,0.2839,0.5297,,,non_generative
secom,G-SMOTE,RF,0.6987,0.1484,0.4826,0.4668,0.4997,0.0,0.4997,,,non_generative
secom,G-SMOTE,LGBM,0.7486,0.2179,0.4917,0.5671,0.5041,0.0436,0.5041,,,non_generative
secom,G-SMOTE,MLP,0.6727,0.1588,0.5588,0.5735,0.5516,0.3698,0.5516,,,non_generative
thyroid_sick,None,RF,0.9916,0.9166,0.9185,0.9046,0.9349,0.9334,0.9349,,,non_generative
thyroid_sick,None,LGBM,0.9972,0.9645,0.939,0.9559,0.926,0.9228,0.926,,,non_generative
thyroid_sick,None,MLP,0.9672,0.819,0.8652,0.8992,0.8389,0.8246,0.8389,,,non_generative
thyroid_sick,SMOTE,RF,0.9923,0.919,0.9232,0.9076,0.9417,0.9404,0.9417,,,non_generative
thyroid_sick,SMOTE,LGBM,0.9964,0.9427,0.9358,0.9135,0.9633,0.9628,0.9633,,,non_generative
thyroid_sick,SMOTE,MLP,0.9591,0.7997,0.8618,0.8806,0.8461,0.8336,0.8461,,,non_generative
thyroid_sick,ADASYN,RF,0.9923,0.9152,0.9232,0.8961,0.9555,0.9549,0.9555,,,non_generative
thyroid_sick,ADASYN,LGBM,0.9972,0.9626,0.937,0.916,0.9633,0.9629,0.9633,,,non_generative
thyroid_sick,ADASYN,MLP,0.9579,0.7959,0.8641,0.8736,0.8562,0.8459,0.8562,,,non_generative
thyroid_sick,G-SMOTE,RF,0.9874,0.9189,0.8981,0.9421,0.8654,0.8542,0.8654,,,non_generative
thyroid_sick,G-SMOTE,LGBM,0.9966,0.962,0.9437,0.9607,0.9307,0.9277,0.9307,,,non_generative
thyroid_sick,G-SMOTE,MLP,0.9634,0.7339,0.8415,0.8019,0.8985,0.8954,0.8985,,,non_generative
unsw_nb15,None,RF,0.9064,0.0996,0.5077,0.5266,0.8755,0.8748,0.8755,,,non_generative
unsw_nb15,None,LGBM,0.9183,0.1827,0.59,0.9595,0.5512,0.3199,0.5512,,,non_generative
unsw_nb15,None,MLP,0.9028,0.1097,0.5343,0.7946,0.5196,0.195,0.5196,,,non_generative
unsw_nb15,SMOTE,RF,0.9107,0.1163,0.5083,0.5269,0.8797,0.8787,0.8797,,,non_generative
unsw_nb15,SMOTE,LGBM,0.9175,0.1511,0.5221,0.5261,0.7672,0.7569,0.7672,,,non_generative
unsw_nb15,SMOTE,MLP,0.8933,0.1033,0.5068,0.5205,0.742,0.7301,0.742,,,non_generative
unsw_nb15,ADASYN,RF,0.91,0.0961,0.5081,0.527,0.8814,0.8804,0.8814,,,non_generative
unsw_nb15,ADASYN,LGBM,0.9159,0.1351,0.5207,0.5256,0.7645,0.7539,0.7645,,,non_generative
unsw_nb15,ADASYN,MLP,0.8936,0.0939,0.5085,0.5213,0.7475,0.7364,0.7475,,,non_generative
unsw_nb15,G-SMOTE,RF,0.8678,0.0481,0.5028,0.5236,0.8324,0.8321,0.8324,,,non_generative
unsw_nb15,G-SMOTE,LGBM,0.9032,0.0954,0.5067,0.525,0.8417,0.8416,0.8417,,,non_generative
unsw_nb15,G-SMOTE,MLP,0.8876,0.0959,0.5039,0.523,0.8115,0.8099,0.8115,,,non_generative
credit_default,Q-G-CTGAN,RF,0.7626,0.541,0.6786,0.7444,0.6551,0.5882,0.6551,100.604,0.66,proposed
credit_default,Q-G-CTGAN,LGBM,0.7794,0.548,0.6752,0.7494,0.651,0.5791,0.651,100.604,0.14,proposed
credit_default,Q-G-CTGAN,MLP,0.6677,0.3601,0.599,0.6187,0.5911,0.5138,0.5911,100.604,42.63,proposed
fraud_detection,Q-G-CTGAN,RF,0.9692,0.8054,0.8934,0.8764,0.9119,0.9077,0.9119,41.172,9.79,proposed
fraud_detection,Q-G-CTGAN,LGBM,0.9559,0.7336,0.8728,0.8406,0.9118,0.9076,0.9118,41.172,0.44,proposed
fraud_detection,Q-G-CTGAN,MLP,0.948,0.7872,0.9078,0.9378,0.8817,0.8737,0.8817,41.172,34.52,proposed
pima_diabetes,Q-G-CTGAN,RF,0.8218,0.7113,0.7053,0.7053,0.7053,0.6998,0.7053,13.389999999999999,0.22,proposed
pima_diabetes,Q-G-CTGAN,LGBM,0.8177,0.6916,0.7075,0.7095,0.7058,0.6986,0.7058,13.389999999999999,0.05,proposed
pima_diabetes,Q-G-CTGAN,MLP,0.7765,0.665,0.6858,0.6838,0.6886,0.6849,0.6886,13.389999999999999,0.88,proposed
ibm_attrition,Q-G-CTGAN,RF,0.7669,0.3989,0.5345,0.6435,0.5371,0.3102,0.5371,51.16000000000001,0.25,proposed
ibm_attrition,Q-G-CTGAN,LGBM,0.7642,0.4435,0.6235,0.7414,0.5992,0.4683,0.5992,51.16000000000001,0.09,proposed
ibm_attrition,Q-G-CTGAN,MLP,0.7117,0.4064,0.6478,0.6515,0.6445,0.594,0.6445,51.16000000000001,0.72,proposed
yeast_me2,Q-G-CTGAN,RF,0.9216,0.2923,0.5503,0.7342,0.5322,0.2579,0.5322,5.172000000000001,0.22,proposed
yeast_me2,Q-G-CTGAN,LGBM,0.895,0.3043,0.5967,0.7353,0.5643,0.3643,0.5643,5.172000000000001,0.06,proposed
yeast_me2,Q-G-CTGAN,MLP,0.875,0.1431,0.5663,0.5573,0.7304,0.7187,0.7304,5.172000000000001,0.93,proposed
mammography,Q-G-CTGAN,RF,0.9565,0.7357,0.8138,0.7728,0.8709,0.8633,0.8709,23.885,0.37,proposed
mammography,Q-G-CTGAN,LGBM,0.9504,0.7555,0.8308,0.7981,0.8723,0.8645,0.8723,23.885,0.09,proposed
mammography,Q-G-CTGAN,MLP,0.9627,0.7628,0.8,0.7421,0.9,0.8965,0.9,23.885,7.29,proposed
abalone_19,Q-G-CTGAN,RF,0.78,0.0257,0.498,0.496,0.5,0.0,0.5,15.578,0.25,proposed
abalone_19,Q-G-CTGAN,LGBM,0.6982,0.0532,0.498,0.496,0.5,0.0,0.5,15.578,0.07,proposed
abalone_19,Q-G-CTGAN,MLP,0.766,0.027,0.5264,0.5202,0.542,0.3137,0.542,15.578,1.88,proposed
wine_quality,Q-G-CTGAN,RF,0.8706,0.2433,0.5914,0.6246,0.5737,0.4012,0.5737,8.524,0.27,proposed
wine_quality,Q-G-CTGAN,LGBM,0.8849,0.2441,0.615,0.6566,0.5926,0.4439,0.5926,8.524,0.08,proposed
wine_quality,Q-G-CTGAN,MLP,0.8219,0.3636,0.7233,0.7391,0.7097,0.655,0.7097,8.524,5.16,proposed
ecoli,Q-G-CTGAN,RF,0.9838,0.8978,0.889,0.9281,0.8581,0.8481,0.8581,5.94,0.18,proposed
ecoli,Q-G-CTGAN,LGBM,0.9768,0.87,0.8335,0.8671,0.8071,0.7888,0.8071,5.94,0.03,proposed
ecoli,Q-G-CTGAN,MLP,0.9253,0.6423,0.7904,0.7438,0.899,0.8989,0.899,5.94,0.6,proposed
pageblocks,Q-G-CTGAN,RF,0.9982,0.6659,0.7558,0.6739,0.9954,0.9954,0.9954,15.713,0.25,proposed
pageblocks,Q-G-CTGAN,LGBM,0.9989,0.8053,0.7739,0.6905,0.996,0.996,0.996,15.713,0.07,proposed
pageblocks,Q-G-CTGAN,MLP,0.9969,0.578,0.8186,0.7353,0.9972,0.9972,0.9972,15.713,1.8,proposed
protein_homo,Q-G-CTGAN,RF,0.9834,0.8374,0.9139,0.968,0.8712,0.8617,0.8712,60.639,7.57,proposed
protein_homo,Q-G-CTGAN,LGBM,0.9947,0.885,0.9127,0.9244,0.9017,0.8964,0.9017,60.639,0.67,proposed
protein_homo,Q-G-CTGAN,MLP,0.9949,0.8868,0.9172,0.9338,0.9018,0.8965,0.9018,60.639,22.51,proposed
satellite,Q-G-CTGAN,RF,0.9437,0.6729,0.7651,0.7865,0.7475,0.715,0.7475,22.14,0.4,proposed
satellite,Q-G-CTGAN,LGBM,0.9527,0.7046,0.7935,0.827,0.7678,0.7396,0.7678,22.14,0.11,proposed
satellite,Q-G-CTGAN,MLP,0.9561,0.7401,0.8194,0.8194,0.8194,0.8064,0.8194,22.14,5.63,proposed
churn,Q-G-CTGAN,RF,0.9245,0.8745,0.8732,0.9582,0.8216,0.8026,0.8216,29.299000000000003,0.31,proposed
churn,Q-G-CTGAN,LGBM,0.9316,0.8951,0.9151,0.9559,0.8833,0.8765,0.8833,29.299000000000003,0.08,proposed
churn,Q-G-CTGAN,MLP,0.9038,0.7948,0.8506,0.8681,0.8355,0.8249,0.8355,29.299000000000003,4.62,proposed
secom,Q-G-CTGAN,RF,0.7696,0.2035,0.483,0.4671,0.5,0.0,0.5,151.01299999999998,0.32,proposed
secom,Q-G-CTGAN,LGBM,0.8005,0.2387,0.483,0.4671,0.5,0.0,0.5,151.01299999999998,0.5,proposed
secom,Q-G-CTGAN,MLP,0.6386,0.1463,0.5265,0.5594,0.522,0.2514,0.522,151.01299999999998,0.79,proposed
thyroid_sick,Q-G-CTGAN,RF,0.9943,0.9422,0.9172,0.9506,0.889,0.8826,0.889,8.885000000000002,0.26,proposed
thyroid_sick,Q-G-CTGAN,LGBM,0.998,0.97,0.946,0.946,0.946,0.9448,0.946,8.885000000000002,0.09,proposed
thyroid_sick,Q-G-CTGAN,MLP,0.9737,0.7948,0.8592,0.8642,0.8543,0.8444,0.8543,8.885000000000002,2.3,proposed
unsw_nb15,Q-G-CTGAN,RF,0.9052,0.1321,0.4975,0.495,0.5,0.0,0.5,217.35899999999995,6.02,proposed
unsw_nb15,Q-G-CTGAN,LGBM,0.9233,0.1659,0.5881,0.9229,0.5505,0.318,0.5505,217.35899999999995,2.39,proposed
unsw_nb15,Q-G-CTGAN,MLP,0.8938,0.0921,0.5553,0.7114,0.533,0.2583,0.533,217.35899999999995,115.15,proposed
credit_default,KMeans_CTGAN,RF,0.7609,0.5409,0.6791,0.7431,0.6558,0.5899,0.6558,78.6,0.7,new_generative
credit_default,KMeans_CTGAN,LGBM,0.7811,0.5456,0.6793,0.7522,0.6547,0.5852,0.6547,78.6,0.14,new_generative
credit_default,KMeans_CTGAN,MLP,0.6799,0.3657,0.6073,0.6229,0.5996,0.532,0.5996,78.6,41.6,new_generative
credit_default,CTGAN_MOS,RF,0.7659,0.5436,0.6784,0.7442,0.6549,0.5878,0.6549,89.92,0.68,new_generative
credit_default,CTGAN_MOS,LGBM,0.781,0.5519,0.679,0.7525,0.6544,0.5845,0.6544,89.92,0.14,new_generative
credit_default,CTGAN_MOS,MLP,0.6947,0.3917,0.6227,0.6472,0.612,0.5429,0.612,89.92,40.91,new_generative
fraud_detection,KMeans_CTGAN,RF,0.9579,0.8019,0.8992,0.8902,0.9086,0.904,0.9086,64.32,24.67,new_generative
fraud_detection,KMeans_CTGAN,LGBM,0.951,0.8026,0.8885,0.8822,0.8951,0.8889,0.8951,64.32,0.67,new_generative
fraud_detection,KMeans_CTGAN,MLP,0.963,0.8148,0.9055,0.9284,0.885,0.8776,0.885,64.32,37.84,new_generative
fraud_detection,CTGAN_MOS,RF,0.9542,0.7693,0.8857,0.8831,0.8883,0.8813,0.8883,112.93,28.14,new_generative
fraud_detection,CTGAN_MOS,LGBM,0.9544,0.7113,0.8862,0.8717,0.9018,0.8965,0.9018,112.93,0.66,new_generative
fraud_detection,CTGAN_MOS,MLP,0.9617,0.7891,0.8992,0.8965,0.9018,0.8965,0.9018,112.93,31.95,new_generative
pima_diabetes,KMeans_CTGAN,RF,0.8159,0.7174,0.7057,0.7093,0.703,0.6942,0.703,37.61,0.29,new_generative
pima_diabetes,KMeans_CTGAN,LGBM,0.8061,0.6694,0.6979,0.6998,0.6963,0.6885,0.6963,37.61,0.06,new_generative
pima_diabetes,KMeans_CTGAN,MLP,0.7826,0.6387,0.6743,0.6717,0.6786,0.6759,0.6786,37.61,0.92,new_generative
pima_diabetes,CTGAN_MOS,RF,0.8048,0.6696,0.7057,0.7093,0.703,0.6942,0.703,6.6,0.22,new_generative
pima_diabetes,CTGAN_MOS,LGBM,0.8083,0.6666,0.7097,0.7142,0.7063,0.6971,0.7063,6.6,0.06,new_generative
pima_diabetes,CTGAN_MOS,MLP,0.7244,0.6011,0.6497,0.6475,0.6558,0.6538,0.6558,6.6,0.89,new_generative
ibm_attrition,KMeans_CTGAN,RF,0.779,0.3984,0.5545,0.6634,0.5499,0.3512,0.5499,75.9,0.24,new_generative
ibm_attrition,KMeans_CTGAN,LGBM,0.7616,0.4422,0.6166,0.7454,0.5935,0.454,0.5935,75.9,0.09,new_generative
ibm_attrition,KMeans_CTGAN,MLP,0.7402,0.4396,0.6867,0.7051,0.6734,0.6249,0.6734,75.9,0.77,new_generative
ibm_attrition,CTGAN_MOS,RF,0.7805,0.4008,0.5439,0.6478,0.5428,0.3311,0.5428,17.69,0.27,new_generative
ibm_attrition,CTGAN_MOS,LGBM,0.7609,0.4304,0.6166,0.7454,0.5935,0.454,0.5935,17.69,0.09,new_generative
ibm_attrition,CTGAN_MOS,MLP,0.7181,0.4027,0.6262,0.6311,0.622,0.5604,0.622,17.69,0.76,new_generative
yeast_me2,KMeans_CTGAN,RF,0.9203,0.2868,0.697,0.7039,0.6907,0.6266,0.6907,7.93,0.24,new_generative
yeast_me2,KMeans_CTGAN,LGBM,0.8868,0.3009,0.6738,0.7732,0.6299,0.5146,0.6299,7.93,0.06,new_generative
yeast_me2,KMeans_CTGAN,MLP,0.7414,0.1392,0.5904,0.5713,0.6377,0.5604,0.6377,7.93,1.77,new_generative
yeast_me2,CTGAN_MOS,RF,0.9231,0.251,0.4897,0.4831,0.4965,0.0,0.4965,6.79,0.25,new_generative
yeast_me2,CTGAN_MOS,LGBM,0.8934,0.3025,0.6207,0.6738,0.5942,0.4446,0.5942,6.79,0.08,new_generative
yeast_me2,CTGAN_MOS,MLP,0.8277,0.1484,0.6213,0.5964,0.6745,0.6161,0.6745,6.79,2.02,new_generative
mammography,KMeans_CTGAN,RF,0.9417,0.6299,0.7842,0.7791,0.7895,0.7638,0.7895,9.07,0.36,new_generative
mammography,KMeans_CTGAN,LGBM,0.9473,0.7006,0.8079,0.8006,0.8156,0.7967,0.8156,9.07,0.08,new_generative
mammography,KMeans_CTGAN,MLP,0.9589,0.6907,0.8167,0.8008,0.8346,0.82,0.8346,9.07,13.92,new_generative
mammography,CTGAN_MOS,RF,0.9404,0.5623,0.7039,0.6577,0.7985,0.7802,0.7985,5.32,0.38,new_generative
mammography,CTGAN_MOS,LGBM,0.9533,0.6626,0.8132,0.8384,0.7917,0.7655,0.7917,5.32,0.09,new_generative
mammography,CTGAN_MOS,MLP,0.9598,0.6323,0.7544,0.6954,0.8768,0.8717,0.8768,5.32,8.49,new_generative
abalone_19,KMeans_CTGAN,RF,0.7261,0.0172,0.498,0.496,0.5,0.0,0.5,33.0,0.32,new_generative
abalone_19,KMeans_CTGAN,LGBM,0.7599,0.0424,0.498,0.496,0.5,0.0,0.5,33.0,0.08,new_generative
abalone_19,KMeans_CTGAN,MLP,0.7578,0.0293,0.5306,0.5225,0.6275,0.5353,0.6275,33.0,2.91,new_generative
abalone_19,CTGAN_MOS,RF,0.7313,0.0246,0.498,0.496,0.5,0.0,0.5,5.43,0.32,new_generative
abalone_19,CTGAN_MOS,LGBM,0.693,0.0282,0.498,0.496,0.5,0.0,0.5,5.43,0.08,new_generative
abalone_19,CTGAN_MOS,MLP,0.8218,0.0331,0.4966,0.496,0.4972,0.0,0.4972,5.43,2.84,new_generative
wine_quality,KMeans_CTGAN,RF,0.8348,0.1921,0.6231,0.6438,0.6083,0.4813,0.6083,15.14,0.32,new_generative
wine_quality,KMeans_CTGAN,LGBM,0.8701,0.2397,0.6134,0.6514,0.5922,0.4437,0.5922,15.14,0.08,new_generative
wine_quality,KMeans_CTGAN,MLP,0.8189,0.2673,0.617,0.6297,0.6069,0.4806,0.6069,15.14,4.95,new_generative
wine_quality,CTGAN_MOS,RF,0.8449,0.2384,0.654,0.6568,0.6513,0.565,0.6513,8.38,0.34,new_generative
wine_quality,CTGAN_MOS,LGBM,0.8678,0.2204,0.608,0.6213,0.5978,0.4618,0.5978,8.38,0.08,new_generative
wine_quality,CTGAN_MOS,MLP,0.793,0.2474,0.6807,0.6526,0.7257,0.6866,0.7257,8.38,5.08,new_generative
ecoli,KMeans_CTGAN,RF,0.9828,0.8896,0.8671,0.8835,0.8525,0.8433,0.8525,5.75,0.2,new_generative
ecoli,KMeans_CTGAN,LGBM,0.9626,0.8145,0.8671,0.8835,0.8525,0.8433,0.8525,5.75,0.04,new_generative
ecoli,KMeans_CTGAN,MLP,0.9475,0.7545,0.8581,0.8348,0.8869,0.8842,0.8869,5.75,0.44,new_generative
ecoli,CTGAN_MOS,RF,0.9859,0.9119,0.8671,0.8835,0.8525,0.8433,0.8525,5.4,0.21,new_generative
ecoli,CTGAN_MOS,LGBM,0.9657,0.8375,0.8335,0.8671,0.8071,0.7888,0.8071,5.4,0.05,new_generative
ecoli,CTGAN_MOS,MLP,0.9313,0.6688,0.7927,0.7528,0.8646,0.8634,0.8646,5.4,0.59,new_generative
pageblocks,KMeans_CTGAN,RF,0.9963,0.5315,0.7558,0.6739,0.9954,0.9954,0.9954,20.45,0.28,new_generative
pageblocks,KMeans_CTGAN,LGBM,0.9969,0.5863,0.7645,0.6818,0.9957,0.9957,0.9957,20.45,0.08,new_generative
pageblocks,KMeans_CTGAN,MLP,0.9963,0.5485,0.7901,0.7184,0.9347,0.9328,0.9347,20.45,1.69,new_generative
pageblocks,CTGAN_MOS,RF,0.9963,0.4031,0.8321,0.75,0.9976,0.9975,0.9976,8.22,0.33,new_generative
pageblocks,CTGAN_MOS,LGBM,0.9977,0.6501,0.8062,0.7222,0.9969,0.9969,0.9969,8.22,0.07,new_generative
pageblocks,CTGAN_MOS,MLP,0.9971,0.603,0.803,0.733,0.9351,0.9331,0.9351,8.22,1.72,new_generative
protein_homo,KMeans_CTGAN,RF,0.9789,0.8199,0.9045,0.9667,0.8571,0.8452,0.8571,90.3,13.89,new_generative
protein_homo,KMeans_CTGAN,LGBM,0.9912,0.8691,0.9122,0.9416,0.8864,0.8793,0.8864,90.3,0.87,new_generative
protein_homo,KMeans_CTGAN,MLP,0.995,0.901,0.9303,0.9548,0.9084,0.9038,0.9084,90.3,47.26,new_generative
protein_homo,CTGAN_MOS,RF,0.9737,0.8046,0.9001,0.9661,0.8507,0.8376,0.8507,92.45,14.48,new_generative
protein_homo,CTGAN_MOS,LGBM,0.9902,0.8604,0.892,0.9206,0.867,0.8569,0.867,92.45,0.93,new_generative
protein_homo,CTGAN_MOS,MLP,0.9945,0.9076,0.9316,0.9515,0.9135,0.9095,0.9135,92.45,44.09,new_generative
satellite,KMeans_CTGAN,RF,0.9425,0.6774,0.7814,0.769,0.7956,0.7806,0.7956,28.71,0.4,new_generative
satellite,KMeans_CTGAN,LGBM,0.9518,0.7283,0.8059,0.8136,0.7986,0.7808,0.7986,28.71,0.11,new_generative
satellite,KMeans_CTGAN,MLP,0.953,0.7578,0.8315,0.8339,0.8291,0.8173,0.8291,28.71,4.58,new_generative
satellite,CTGAN_MOS,RF,0.9483,0.7124,0.7924,0.8316,0.7633,0.7332,0.7633,17.43,0.39,new_generative
satellite,CTGAN_MOS,LGBM,0.9504,0.7428,0.8121,0.854,0.7811,0.7555,0.7811,17.43,0.1,new_generative
satellite,CTGAN_MOS,MLP,0.9536,0.7391,0.8215,0.8231,0.82,0.8068,0.82,17.43,7.24,new_generative
churn,KMeans_CTGAN,RF,0.9218,0.8598,0.8655,0.947,0.8157,0.7958,0.8157,28.35,0.33,new_generative
churn,KMeans_CTGAN,LGBM,0.9291,0.8921,0.9095,0.9472,0.8798,0.8728,0.8798,28.35,0.08,new_generative
churn,KMeans_CTGAN,MLP,0.9132,0.8072,0.8495,0.884,0.8229,0.8085,0.8229,28.35,3.8,new_generative
churn,CTGAN_MOS,RF,0.927,0.8671,0.8502,0.9495,0.7952,0.7694,0.7952,9.18,0.32,new_generative
churn,CTGAN_MOS,LGBM,0.9261,0.8928,0.9188,0.9547,0.89,0.8841,0.89,9.18,0.08,new_generative
churn,CTGAN_MOS,MLP,0.9116,0.803,0.8456,0.8733,0.8233,0.8097,0.8233,9.18,3.98,new_generative
secom,KMeans_CTGAN,RF,0.79,0.2298,0.483,0.4671,0.5,0.0,0.5,161.32,0.32,new_generative
secom,KMeans_CTGAN,LGBM,0.8177,0.2737,0.483,0.4671,0.5,0.0,0.5,161.32,0.47,new_generative
secom,KMeans_CTGAN,MLP,0.693,0.1647,0.509,0.5678,0.5116,0.1788,0.5116,161.32,0.67,new_generative
secom,CTGAN_MOS,RF,0.7722,0.178,0.483,0.4671,0.5,0.0,0.5,168.32,0.32,new_generative
secom,CTGAN_MOS,LGBM,0.7774,0.1909,0.4813,0.4669,0.4966,0.0,0.4966,168.32,0.5,new_generative
secom,CTGAN_MOS,MLP,0.6604,0.1363,0.53,0.5797,0.5243,0.252,0.5243,168.32,0.79,new_generative
thyroid_sick,KMeans_CTGAN,RF,0.9949,0.9349,0.9348,0.9319,0.9378,0.9363,0.9378,19.29,0.27,new_generative
thyroid_sick,KMeans_CTGAN,LGBM,0.9979,0.9671,0.9454,0.9217,0.9726,0.9725,0.9726,19.29,0.1,new_generative
thyroid_sick,KMeans_CTGAN,MLP,0.9729,0.8007,0.8694,0.8578,0.8819,0.8763,0.8819,19.29,1.83,new_generative
thyroid_sick,CTGAN_MOS,RF,0.9925,0.9276,0.8839,0.9347,0.845,0.8317,0.845,20.04,0.29,new_generative
thyroid_sick,CTGAN_MOS,LGBM,0.9978,0.9622,0.9391,0.9333,0.945,0.9439,0.945,20.04,0.08,new_generative
thyroid_sick,CTGAN_MOS,MLP,0.9747,0.8089,0.8659,0.8634,0.8683,0.8607,0.8683,20.04,2.75,new_generative
unsw_nb15,KMeans_CTGAN,RF,0.9038,0.1375,0.4975,0.495,0.5,0.0,0.5,545.38,10.07,new_generative
unsw_nb15,KMeans_CTGAN,LGBM,0.9254,0.1668,0.5823,0.9409,0.5467,0.3058,0.5467,545.38,2.62,new_generative
unsw_nb15,KMeans_CTGAN,MLP,0.8997,0.0639,0.5255,0.6028,0.5156,0.18,0.5156,545.38,290.11,new_generative
unsw_nb15,CTGAN_MOS,RF,0.9046,0.1379,0.4975,0.495,0.5,0.0,0.5,311.15,9.64,new_generative
unsw_nb15,CTGAN_MOS,LGBM,0.9256,0.1724,0.5812,0.9661,0.5458,0.3027,0.5458,311.15,2.57,new_generative
unsw_nb15,CTGAN_MOS,MLP,0.8918,0.1053,0.5358,0.9152,0.52,0.2002,0.52,311.15,64.68,new_generative
credit_default,ctdGAN,RF,0.7557,0.5328,0.6746,0.7343,0.6525,0.5863,0.6525,737.51,0.61,new_generative
credit_default,ctdGAN,LGBM,0.7755,0.5357,0.6782,0.7428,0.655,0.5883,0.655,737.51,0.15,new_generative
credit_default,ctdGAN,MLP,0.7036,0.3984,0.6258,0.6373,0.6186,0.565,0.6186,737.51,40.01,new_generative
fraud_detection,ctdGAN,RF,0.9543,0.4894,0.7341,0.6796,0.8368,0.8211,0.8368,7663.98,23.9,new_generative
fraud_detection,ctdGAN,LGBM,0.949,0.4035,0.7618,0.7128,0.8404,0.8254,0.8404,7663.98,0.78,new_generative
fraud_detection,ctdGAN,MLP,0.948,0.8084,0.9012,0.9039,0.8985,0.8928,0.8985,7663.98,51.18,new_generative
pima_diabetes,ctdGAN,RF,0.8084,0.6517,0.7038,0.715,0.6978,0.6831,0.6978,21.96,0.28,new_generative
pima_diabetes,ctdGAN,LGBM,0.8045,0.6605,0.688,0.6996,0.6821,0.6651,0.6821,21.96,0.06,new_generative
pima_diabetes,ctdGAN,MLP,0.7742,0.6334,0.7019,0.7094,0.6973,0.6852,0.6973,21.96,0.87,new_generative
ibm_attrition,ctdGAN,RF,0.7639,0.3804,0.5189,0.7014,0.5298,0.2639,0.5298,43.45,0.29,new_generative
ibm_attrition,ctdGAN,LGBM,0.7634,0.4348,0.6366,0.7355,0.6105,0.4953,0.6105,43.45,0.1,new_generative
ibm_attrition,ctdGAN,MLP,0.7596,0.4777,0.6649,0.7019,0.645,0.5747,0.645,43.45,0.69,new_generative
yeast_me2,ctdGAN,RF,0.8933,0.1678,0.4885,0.483,0.4942,0.0,0.4942,29.58,0.28,new_generative
yeast_me2,ctdGAN,LGBM,0.8571,0.188,0.5642,0.576,0.5562,0.3613,0.5562,29.58,0.06,new_generative
yeast_me2,ctdGAN,MLP,0.8111,0.1601,0.6331,0.6199,0.6504,0.5679,0.6504,29.58,1.38,new_generative
mammography,ctdGAN,RF,0.9394,0.552,0.7592,0.7151,0.8294,0.8157,0.8294,234.71,0.4,new_generative
mammography,ctdGAN,LGBM,0.9346,0.5951,0.7716,0.748,0.8005,0.7788,0.8005,234.71,0.09,new_generative
mammography,ctdGAN,MLP,0.9489,0.5949,0.6745,0.6232,0.8575,0.8529,0.8575,234.71,14.26,new_generative
abalone_19,ctdGAN,RF,0.6175,0.0131,0.4917,0.4959,0.4875,0.0,0.4875,84.54,0.28,new_generative
abalone_19,ctdGAN,LGBM,0.7582,0.0216,0.4968,0.496,0.4976,0.0,0.4976,84.54,0.07,new_generative
abalone_19,ctdGAN,MLP,0.6816,0.05,0.5203,0.5176,0.6219,0.5321,0.6219,84.54,2.46,new_generative
wine_quality,ctdGAN,RF,0.8928,0.3241,0.5075,0.6483,0.5084,0.1347,0.5084,102.14,0.32,new_generative
wine_quality,ctdGAN,LGBM,0.8804,0.2786,0.6067,0.7696,0.5706,0.3806,0.5706,102.14,0.07,new_generative
wine_quality,ctdGAN,MLP,0.7863,0.3426,0.7139,0.7198,0.7083,0.654,0.7083,102.14,4.94,new_generative
ecoli,ctdGAN,RF,0.9737,0.8008,0.7967,0.8481,0.7616,0.7303,0.7616,6.73,0.26,new_generative
ecoli,ctdGAN,LGBM,0.9394,0.6151,0.7225,0.7452,0.7051,0.659,0.7051,6.73,0.04,new_generative
ecoli,ctdGAN,MLP,0.8758,0.5736,0.8109,0.7906,0.8359,0.8288,0.8359,6.73,0.54,new_generative
pageblocks,ctdGAN,RF,0.9969,0.5861,0.7592,0.6994,0.8722,0.8636,0.8722,117.85,0.3,new_generative
pageblocks,ctdGAN,LGBM,0.9972,0.5888,0.7783,0.7056,0.9344,0.9325,0.9344,117.85,0.07,new_generative
pageblocks,ctdGAN,MLP,0.9987,0.817,0.8468,0.7667,0.9979,0.9979,0.9979,117.85,1.7,new_generative
protein_homo,ctdGAN,RF,0.9533,0.8029,0.8971,0.9928,0.8329,0.8159,0.8329,5988.0,12.82,new_generative
protein_homo,ctdGAN,LGBM,0.9764,0.8476,0.9129,0.9849,0.8598,0.8483,0.8598,5988.0,1.02,new_generative
protein_homo,ctdGAN,MLP,0.9809,0.8035,0.8208,0.766,0.9055,0.9012,0.9055,5988.0,58.55,new_generative
satellite,ctdGAN,RF,0.9389,0.686,0.7678,0.8097,0.7381,0.6996,0.7381,176.26,0.34,new_generative
satellite,ctdGAN,LGBM,0.9525,0.7365,0.7934,0.8379,0.7615,0.7302,0.7615,176.26,0.11,new_generative
satellite,ctdGAN,MLP,0.9421,0.7081,0.8036,0.8051,0.8022,0.786,0.8022,176.26,5.43,new_generative
churn,ctdGAN,RF,0.9233,0.8669,0.8461,0.9485,0.7905,0.7633,0.7905,114.78,0.29,new_generative
churn,ctdGAN,LGBM,0.9278,0.8813,0.9032,0.9428,0.8723,0.8643,0.8723,114.78,0.09,new_generative
churn,ctdGAN,MLP,0.907,0.7979,0.8531,0.8858,0.8276,0.8142,0.8276,114.78,4.29,new_generative
secom,ctdGAN,RF,0.7331,0.1594,0.483,0.4671,0.5,0.0,0.5,232.16,0.35,new_generative
secom,ctdGAN,LGBM,0.7357,0.189,0.4818,0.467,0.4977,0.0,0.4977,232.16,0.5,new_generative
secom,ctdGAN,MLP,0.6727,0.1399,0.5248,0.5517,0.5209,0.2511,0.5209,232.16,0.74,new_generative
thyroid_sick,ctdGAN,RF,0.9939,0.9342,0.8976,0.9457,0.86,0.8493,0.86,116.16,0.28,new_generative
thyroid_sick,ctdGAN,LGBM,0.9976,0.957,0.9433,0.9347,0.9523,0.9515,0.9523,116.16,0.11,new_generative
thyroid_sick,ctdGAN,MLP,0.9583,0.7069,0.8858,0.894,0.8779,0.871,0.8779,116.16,2.47,new_generative
unsw_nb15,ctdGAN,RF,0.886,0.0505,0.5367,0.5262,0.5854,0.4426,0.5854,12481.75,10.94,new_generative
unsw_nb15,ctdGAN,LGBM,0.9146,0.134,0.5655,0.8031,0.5379,0.2762,0.5379,12481.75,3.41,new_generative
unsw_nb15,ctdGAN,MLP,0.8927,0.0871,0.5359,0.7244,0.5207,0.2049,0.5207,12481.75,1123.53,new_generative
pima_diabetes,CTAB-GAN+,RF,0.8016,0.6723,0.6952,0.6931,0.6981,0.6948,0.6981,21.65,0.3,new_generative
pima_diabetes,CTAB-GAN+,LGBM,0.797,0.6374,0.6902,0.6907,0.6896,0.6828,0.6896,21.65,0.05,new_generative
pima_diabetes,CTAB-GAN+,MLP,0.7378,0.5686,0.6483,0.6468,0.6506,0.6453,0.6506,21.65,0.88,new_generative
yeast_me2,CTAB-GAN+,RF,0.9186,0.3155,0.4909,0.4831,0.4988,0.0,0.4988,17.8,0.29,new_generative
yeast_me2,CTAB-GAN+,LGBM,0.8939,0.3497,0.6031,0.8187,0.5655,0.3647,0.5655,17.8,0.07,new_generative
yeast_me2,CTAB-GAN+,MLP,0.8937,0.2058,0.6427,0.6198,0.6803,0.6199,0.6803,17.8,0.78,new_generative
ibm_attrition,CTAB-GAN+,RF,0.7656,0.3913,0.5473,0.6759,0.5455,0.332,0.5455,50.83,0.31,new_generative
ibm_attrition,CTAB-GAN+,LGBM,0.7617,0.4458,0.6097,0.7101,0.5894,0.4521,0.5894,50.83,0.1,new_generative
ibm_attrition,CTAB-GAN+,MLP,0.7381,0.4493,0.6784,0.7037,0.662,0.6055,0.662,50.83,0.69,new_generative
abalone_19,CTAB-GAN+,RF,0.7589,0.0541,0.498,0.496,0.5,0.0,0.5,71.71,0.32,new_generative
abalone_19,CTAB-GAN+,LGBM,0.6661,0.0249,0.498,0.496,0.5,0.0,0.5,71.71,0.07,new_generative
abalone_19,CTAB-GAN+,MLP,0.6979,0.0279,0.5327,0.523,0.5855,0.4407,0.5855,71.71,2.0,new_generative
wine_quality,CTAB-GAN+,RF,0.7445,0.1102,0.5574,0.5463,0.5919,0.4864,0.5919,90.35,0.35,new_generative
wine_quality,CTAB-GAN+,LGBM,0.7998,0.1376,0.5856,0.5717,0.6109,0.5088,0.6109,90.35,0.08,new_generative
wine_quality,CTAB-GAN+,MLP,0.8184,0.2027,0.6425,0.6113,0.7158,0.6795,0.7158,90.35,6.44,new_generative
thyroid_sick,CTAB-GAN+,RF,0.9955,0.9412,0.9161,0.9314,0.902,0.8975,0.902,202.44,0.31,new_generative
thyroid_sick,CTAB-GAN+,LGBM,0.9978,0.9587,0.9555,0.9386,0.974,0.9739,0.974,202.44,0.08,new_generative
thyroid_sick,CTAB-GAN+,MLP,0.981,0.8123,0.8793,0.8963,0.8639,0.8549,0.8639,202.44,1.91,new_generative
churn,CTAB-GAN+,RF,0.9258,0.8791,0.8674,0.9475,0.818,0.7988,0.818,245.23,0.34,new_generative
churn,CTAB-GAN+,LGBM,0.9273,0.8899,0.9151,0.9559,0.8833,0.8765,0.8833,245.23,0.08,new_generative
churn,CTAB-GAN+,MLP,0.8904,0.7502,0.7951,0.7763,0.8193,0.8129,0.8193,245.23,5.24,new_generative
pageblocks,CTAB-GAN+,RF,0.9953,0.3403,0.7071,0.6333,0.9933,0.9932,0.9933,107.37,0.35,new_generative
pageblocks,CTAB-GAN+,LGBM,0.9962,0.4775,0.7398,0.66,0.9948,0.9948,0.9948,107.37,0.07,new_generative
pageblocks,CTAB-GAN+,MLP,0.9971,0.5908,0.8062,0.7222,0.9969,0.9969,0.9969,107.37,1.84,new_generative
satellite,CTAB-GAN+,RF,0.9448,0.6773,0.7835,0.7427,0.8571,0.8549,0.8571,349.81,0.38,new_generative
satellite,CTAB-GAN+,LGBM,0.946,0.7153,0.8099,0.7888,0.836,0.8282,0.836,349.81,0.1,new_generative
satellite,CTAB-GAN+,MLP,0.9128,0.6589,0.7729,0.75,0.8032,0.7918,0.8032,349.81,7.95,new_generative
secom,CTAB-GAN+,RF,0.7672,0.1947,0.483,0.4671,0.5,0.0,0.5,485.4,0.33,new_generative
secom,CTAB-GAN+,LGBM,0.8048,0.3074,0.483,0.4671,0.5,0.0,0.5,485.4,0.52,new_generative
secom,CTAB-GAN+,MLP,0.6727,0.1597,0.5282,0.5685,0.5232,0.2517,0.5232,485.4,0.79,new_generative
mammography,CTAB-GAN+,RF,0.9489,0.6672,0.8035,0.798,0.8092,0.7887,0.8092,212.67,0.37,new_generative
mammography,CTAB-GAN+,LGBM,0.9493,0.6951,0.8159,0.8288,0.804,0.7816,0.804,212.67,0.09,new_generative
mammography,CTAB-GAN+,MLP,0.9624,0.7153,0.8141,0.8122,0.8161,0.7971,0.8161,212.67,5.07,new_generative
credit_default,CTAB-GAN+,RF,0.7705,0.5486,0.6758,0.7464,0.652,0.5817,0.652,1631.69,0.69,new_generative
credit_default,CTAB-GAN+,LGBM,0.7799,0.5464,0.6731,0.7476,0.6492,0.5762,0.6492,1631.69,0.13,new_generative
credit_default,CTAB-GAN+,MLP,0.6821,0.3769,0.6116,0.6352,0.602,0.5278,0.602,1631.69,46.13,new_generative
